url,domain,category,barrier,topical_authority,source_of_label
udayton.edu,udayton.edu,Academia,High,third-party,llm_agreement
ufrgs.br,ufrgs.br,Academia,High,third-party,llm_agreement
uia.org,uia.org,Non-media-industry,Mid,third-party,llm_agreement
uk.com,uk.com,Non-media-industry,Mid,third-party,llm_agreement
umass.edu,umass.edu,Academia,High,third-party,llm_agreement
umd.edu,umd.edu,Academia,High,third-party,llm_agreement
umemurasatoshi.com,umemurasatoshi.com,Owned,Low,third-party,llm_agreement
americaninsanity.org,americaninsanity.org,Owned,Low,third-party,llm_agreement
americanmanufacturing.org,americanmanufacturing.org,Non-media-industry,Mid,third-party,llm_agreement
americanoversight.org,americanoversight.org,Non-media-industry,Mid,third-party,llm_agreement
americanprogress.org,americanprogress.org,Non-media-industry,Mid,third-party,llm_agreement
americanprogressaction.org,americanprogressaction.org,Non-media-industry,Mid,third-party,llm_agreement
americansforprosperity.org,americansforprosperity.org,Non-media-industry,Mid,third-party,llm_agreement
americasvoice.org,americasvoice.org,Non-media-industry,Mid,third-party,llm_agreement
ntia.gov,ntia.gov,Government,High,third-party,llm_agreement
ntu.org,ntu.org,,Mid,third-party,human
ntv.co.jp,ntv.co.jp,Media,Mid,third-party,llm_agreement
nuclearabolitionjpn.com,nuclearabolitionjpn.com,Non-media-industry,Mid,third-party,llm_agreement
nymag.com,nymag.com,Media,Mid,third-party,llm_agreement
nytimes.com,nytimes.com,Media,Mid,third-party,llm_agreement
o-ishin.jp,o-ishin.jp,Party,Primary,primary,llm_agreement
spotlightpa.org,spotlightpa.org,Media,Mid,third-party,llm_agreement
springer.com,springer.com,Academia,High,third-party,llm_agreement
ssa.gov,ssa.gov,Government,High,third-party,llm_agreement
ssri-j.com,ssri-j.com,,Mid,third-party,human
st-aug.edu,st-aug.edu,Academia,High,third-party,llm_agreement
stanford.edu,stanford.edu,Academia,High,third-party,llm_agreement
startribune.com,startribune.com,Media,Mid,third-party,llm_agreement
npca.org,npca.org,Non-media-industry,Mid,third-party,llm_agreement
npi.or.jp,npi.or.jp,,Mid,third-party,human
npr.org,npr.org,Media,Mid,third-party,llm_agreement
nrb.org,nrb.org,Non-media-industry,Mid,third-party,llm_agreement
nrc.co.jp,nrc.co.jp,Non-media-industry,Mid,third-party,llm_agreement
nri.com,nri.com,Non-media-industry,Mid,third-party,llm_agreement
nta.go.jp,nta.go.jp,Government,High,third-party,llm_agreement
kingsoft.jp,kingsoft.jp,Non-media-industry,Mid,third-party,llm_agreement
kinokuniya.co.jp,kinokuniya.co.jp,Non-media-industry,Mid,third-party,llm_agreement
kinyobi.co.jp,kinyobi.co.jp,Media,Mid,third-party,llm_agreement
kkpartners.jp,kkpartners.jp,Non-media-industry,Mid,third-party,llm_agreement
kobayashi-takayuki.jp,kobayashi-takayuki.jp,Owned,Low,third-party,llm_agreement
kobe-np.co.jp,kobe-np.co.jp,Media,Mid,third-party,llm_agreement
kobe-u.ac.jp,kobe-u.ac.jp,Academia,High,third-party,llm_agreement
cadem.org,cadem.org,Party,Primary,primary,llm_agreement
cagop.org,cagop.org,Party,Primary,primary,llm_agreement
cagreens.org,cagreens.org,Party,Primary,primary,llm_agreement
calgarychamber.com,calgarychamber.com,Non-media-industry,Mid,third-party,llm_agreement
californiapolicycenter.org,californiapolicycenter.org,Non-media-industry,Mid,third-party,llm_agreement
calmatters.org,calmatters.org,Media,Mid,third-party,llm_agreement
cambridge.org,cambridge.org,Academia,High,third-party,llm_agreement
uazensen.jp,uazensen.jp,Non-media-industry,Mid,third-party,llm_agreement
ubyssey.ca,ubyssey.ca,Media,Mid,third-party,llm_agreement
uchicago.edu,uchicago.edu,Academia,High,third-party,llm_agreement
ucigcc.org,ucigcc.org,Academia,High,third-party,llm_agreement
ucla.edu,ucla.edu,Academia,High,third-party,llm_agreement
ucrp.org,ucrp.org,Party,Primary,primary,llm_agreement
ucsb.edu,ucsb.edu,Academia,High,third-party,llm_agreement
epiaction.org,epiaction.org,Non-media-industry,Mid,third-party,llm_agreement
equalitynow.org,equalitynow.org,Non-media-industry,Mid,third-party,llm_agreement
equalopportunitytoday.com,equalopportunitytoday.com,Media,Mid,third-party,llm_agreement
erininthemorning.com,erininthemorning.com,Owned,Low,third-party,llm_agreement
esdcenter.jp,esdcenter.jp,Academia,High,third-party,llm_agreement
espritdecorps.ca,espritdecorps.ca,,Mid,third-party,human
eu-japan.eu,eu-japan.eu,,Mid,third-party,human
europa.eu,europa.eu,Government,High,third-party,llm_agreement
europeangreens.eu,europeangreens.eu,Party,Primary,primary,llm_agreement
ev-charge-enechange.jp,ev-charge-enechange.jp,Non-media-industry,Mid,third-party,llm_agreement
evelyn.com,evelyn.com,,Mid,third-party,human
evergreenaction.com,evergreenaction.com,Non-media-industry,Mid,third-party,llm_agreement
everythingpolicy.org,everythingpolicy.org,Non-media-industry,Mid,third-party,llm_agreement
excite.co.jp,excite.co.jp,,Mid,third-party,human
un.org,un.org,Government,High,third-party,llm_agreement
unc.edu,unc.edu,Academia,High,third-party,llm_agreement
undp.org,undp.org,Government,High,third-party,llm_agreement
unfccc.int,unfccc.int,Government,High,third-party,llm_agreement
unfoundation.org,unfoundation.org,Non-media-industry,Mid,third-party,llm_agreement
ungcjn.org,ungcjn.org,Non-media-industry,Mid,third-party,llm_agreement
unic.or.jp,unic.or.jp,Government,High,third-party,llm_agreement
constitutionpartypa.com,constitutionpartypa.com,Party,Primary,primary,llm_agreement
constitutionpartywa.com,constitutionpartywa.com,Party,Primary,primary,llm_agreement
constructiondive.com,constructiondive.com,Media,Mid,third-party,llm_agreement
conter.scot,conter.scot,Media,Mid,third-party,llm_agreement
coppin.edu,coppin.edu,Academia,High,third-party,llm_agreement
cornell.edu,cornell.edu,Academia,High,third-party,llm_agreement
corp-japanjobschool.com,corp-japanjobschool.com,Non-media-industry,Mid,third-party,llm_agreement
cpofca.org,cpofca.org,,Mid,third-party,human
cpr.org,cpr.org,Media,Mid,third-party,llm_agreement
cpwva.org,cpwva.org,Party,Primary,primary,llm_agreement
craj.jp,craj.jp,,Primary,primary,human
creators.com,creators.com,Media,Mid,third-party,llm_agreement
crfb.org,crfb.org,Non-media-industry,Mid,third-party,llm_agreement
crisisgroup.org,crisisgroup.org,Non-media-industry,Mid,third-party,llm_agreement
aei.org,aei.org,Non-media-industry,Mid,third-party,llm_agreement
af.mil,af.mil,Government,High,third-party,llm_agreement
afer-fem.org,afer-fem.org,Non-media-industry,Mid,third-party,llm_agreement
afpbb.com,afpbb.com,Media,Mid,third-party,llm_agreement
agclimate.org,agclimate.org,Academia,High,third-party,llm_agreement
agd.org,agd.org,Non-media-industry,Mid,third-party,llm_agreement
agora-web.jp,agora-web.jp,,Mid,third-party,human
gpnj.org,gpnj.org,Party,Primary,primary,llm_agreement
gpny.org,gpny.org,Party,Primary,primary,llm_agreement
gpo.ca,gpo.ca,Party,Primary,primary,llm_agreement
gpus.org,gpus.org,Party,Primary,primary,llm_agreement
gqjapan.jp,gqjapan.jp,Media,Mid,third-party,llm_agreement
grantthornton.com,grantthornton.com,Non-media-industry,Mid,third-party,llm_agreement
gravel2gavel.com,gravel2gavel.com,Non-media-industry,Mid,third-party,llm_agreement
richmond.edu,richmond.edu,Academia,High,third-party,llm_agreement
rief-jp.org,rief-jp.org,Non-media-industry,Mid,third-party,llm_agreement
rieti.go.jp,rieti.go.jp,Government,High,third-party,llm_agreement
rikuaji.com,rikuaji.com,,Mid,third-party,human
riponsociety.org,riponsociety.org,Non-media-industry,Mid,third-party,llm_agreement
rips.or.jp,rips.or.jp,Non-media-industry,Mid,third-party,llm_agreement
ritsumei.ac.jp,ritsumei.ac.jp,Academia,High,third-party,llm_agreement
northwestern.edu,northwestern.edu,Academia,High,third-party,llm_agreement
note.com,note.com,Platform,Low,third-party,llm_agreement
note.jp,note.jp,Platform,Low,third-party,llm_agreement
notus.org,notus.org,,Mid,third-party,human
novaramedia.com,novaramedia.com,Media,Mid,third-party,llm_agreement
np-net.co.jp,np-net.co.jp,Non-media-industry,Mid,third-party,llm_agreement
npa.go.jp,npa.go.jp,Government,High,third-party,llm_agreement
greenpartyplatform.org,greenpartyplatform.org,Party,Primary,primary,llm_agreement
greenpartywashington.org,greenpartywashington.org,Party,Primary,primary,llm_agreement
greenpeace.org,greenpeace.org,Non-media-industry,Mid,third-party,llm_agreement
greens.fi,greens.fi,Party,Primary,primary,llm_agreement
greens.scot,greens.scot,Party,Primary,primary,llm_agreement
grokipedia.com,grokipedia.com,Platform,Low,third-party,llm_agreement
groom.com,groom.com,Non-media-industry,Mid,third-party,llm_agreement
kddi-am.com,kddi-am.com,Non-media-industry,Mid,third-party,llm_agreement
keidanren.or.jp,keidanren.or.jp,Non-media-industry,Mid,third-party,llm_agreement
keio.ac.jp,keio.ac.jp,Academia,High,third-party,llm_agreement
keizaireport.com,keizaireport.com,Media,Mid,third-party,llm_agreement
kenpo-net.jp,kenpo-net.jp,Non-media-industry,Mid,third-party,llm_agreement
kensetsunews.com,kensetsunews.com,Media,Mid,third-party,llm_agreement
kepco.co.jp,kepco.co.jp,Non-media-industry,Mid,third-party,llm_agreement
resources.org,resources.org,,Mid,third-party,human
responsiblestatecraft.org,responsiblestatecraft.org,,Mid,third-party,human
restoringamericansvalues.org,restoringamericansvalues.org,Non-media-industry,Mid,third-party,llm_agreement
retail-e.com,retail-e.com,Non-media-industry,Mid,third-party,llm_agreement
reuters.com,reuters.com,Media,Mid,third-party,llm_agreement
rferl.org,rferl.org,Media,Mid,third-party,llm_agreement
rff.org,rff.org,,Mid,third-party,human
apta.com,apta.com,Non-media-industry,Mid,third-party,llm_agreement
arabnews.jp,arabnews.jp,Media,Mid,third-party,llm_agreement
archive.org,archive.org,Platform,Low,third-party,llm_agreement
archive.ph,archive.ph,Platform,Low,third-party,llm_agreement
archives.gov,archives.gov,Government,High,third-party,llm_agreement
ardent.jp,ardent.jp,Non-media-industry,Mid,third-party,llm_agreement
arkdems.org,arkdems.org,Party,Primary,primary,llm_agreement
mississippifreepress.org,mississippifreepress.org,Media,Mid,third-party,llm_agreement
missouri.gop,missouri.gop,Party,Primary,primary,llm_agreement
mitsuichemicals.com,mitsuichemicals.com,Non-media-industry,Mid,third-party,llm_agreement
miwa-3838.jp,miwa-3838.jp,Owned,Low,third-party,llm_agreement
mixonline.jp,mixonline.jp,Media,Mid,third-party,llm_agreement
miyoshiryo.com,miyoshiryo.com,Owned,Low,third-party,llm_agreement
mizudesignjournal.com,mizudesignjournal.com,Media,Mid,third-party,llm_agreement
amazon.co.jp,amazon.co.jp,Non-media-industry,Mid,third-party,llm_agreement
amazonaws.com,amazonaws.com,Non-media-industry,Mid,third-party,llm_agreement
ameblo.jp,ameblo.jp,Platform,Low,third-party,llm_agreement
americanactionforum.org,americanactionforum.org,Non-media-industry,Mid,third-party,llm_agreement
americancompass.org,americancompass.org,Non-media-industry,Mid,third-party,llm_agreement
americanconstitutionparty.com,americanconstitutionparty.com,Party,Primary,primary,llm_agreement
americanimmigrationcouncil.org,americanimmigrationcouncil.org,Non-media-industry,Mid,third-party,llm_agreement
jcp-hokkaido.jp,jcp-hokkaido.jp,Party,Primary,primary,llm_agreement
jcp-kawasaki.gr.jp,jcp-kawasaki.gr.jp,Party,Primary,primary,llm_agreement
jcp-kumamoto.com,jcp-kumamoto.com,Party,Primary,primary,llm_agreement
jcp-kyoto.jp,jcp-kyoto.jp,Party,Primary,primary,llm_agreement
jcp-osaka.jp,jcp-osaka.jp,Party,Primary,primary,llm_agreement
jcp-saitama.jp,jcp-saitama.jp,Party,Primary,primary,llm_agreement
jcp-shiga.com,jcp-shiga.com,Party,Primary,primary,llm_agreement
stat.go.jp,stat.go.jp,Government,High,third-party,llm_agreement
state.gov,state.gov,Government,High,third-party,llm_agreement
statista.com,statista.com,Non-media-industry,Mid,third-party,llm_agreement
stepjob.jp,stepjob.jp,Non-media-industry,Mid,third-party,llm_agreement
sthryk.com,sthryk.com,Owned,Low,third-party,llm_agreement
stimson.org,stimson.org,Non-media-industry,Mid,third-party,llm_agreement
stpub.com,stpub.com,Non-media-industry,Mid,third-party,llm_agreement
zelojapan.com,zelojapan.com,Non-media-industry,Mid,third-party,llm_agreement
zenkyo.jp,zenkyo.jp,Non-media-industry,Mid,third-party,llm_agreement
zenroren.gr.jp,zenroren.gr.jp,Non-media-industry,Mid,third-party,llm_agreement
zenshoren.or.jp,zenshoren.or.jp,Non-media-industry,Mid,third-party,llm_agreement
zeroemi.org,zeroemi.org,Non-media-industry,Mid,third-party,llm_agreement
zinnedproject.org,zinnedproject.org,Non-media-industry,Mid,third-party,llm_agreement
zontausa.org,zontausa.org,Non-media-industry,Mid,third-party,llm_agreement
unrcpd.org,unrcpd.org,Government,High,third-party,llm_agreement
unseen-japan.com,unseen-japan.com,Media,Mid,third-party,llm_agreement
up.com,up.com,Non-media-industry,Mid,third-party,llm_agreement
urban.org,urban.org,Non-media-industry,Mid,third-party,llm_agreement
us-jf.org,us-jf.org,Non-media-industry,Mid,third-party,llm_agreement
usaspending.gov,usaspending.gov,Government,High,third-party,llm_agreement
usatoday.com,usatoday.com,Media,Mid,third-party,llm_agreement
ctnewsjunkie.com,ctnewsjunkie.com,Media,Mid,third-party,llm_agreement
cube-linx.co.jp,cube-linx.co.jp,Non-media-industry,Mid,third-party,llm_agreement
cwla.org,cwla.org,Non-media-industry,Mid,third-party,llm_agreement
cwsl.edu,cwsl.edu,Academia,High,third-party,llm_agreement
cyber.go.jp,cyber.go.jp,Government,High,third-party,llm_agreement
cyberscoop.com,cyberscoop.com,Media,Mid,third-party,llm_agreement
cztv.com,cztv.com,Media,Mid,third-party,llm_agreement
corporate-adviser.com,corporate-adviser.com,Media,Mid,third-party,llm_agreement
countryside-alliance.org,countryside-alliance.org,Non-media-industry,Mid,third-party,llm_agreement
courrier.jp,courrier.jp,Media,Mid,third-party,llm_agreement
courthousenews.com,courthousenews.com,Media,Mid,third-party,llm_agreement
coveringclimatenow.org,coveringclimatenow.org,,Mid,third-party,human
cpgkyoto.jp,cpgkyoto.jp,,Mid,third-party,human
cpifa.org,cpifa.org,Non-media-industry,Mid,third-party,llm_agreement
uscentrist.org,uscentrist.org,,Mid,third-party,human
uscis.gov,uscis.gov,Government,High,third-party,llm_agreement
usconstitution.net,usconstitution.net,Owned,Low,third-party,llm_agreement
usda.gov,usda.gov,Government,High,third-party,llm_agreement
usembassy.gov,usembassy.gov,Government,High,third-party,llm_agreement
usglc.org,usglc.org,Non-media-industry,Mid,third-party,llm_agreement
usnews.com,usnews.com,Media,Mid,third-party,llm_agreement
mizuho-rt.co.jp,mizuho-rt.co.jp,Non-media-industry,Mid,third-party,llm_agreement
mlit.go.jp,mlit.go.jp,Government,High,third-party,llm_agreement
mlstrategies.com,mlstrategies.com,Non-media-industry,Mid,third-party,llm_agreement
mmm-online.com,mmm-online.com,Media,Mid,third-party,llm_agreement
mn.gov,mn.gov,Government,High,third-party,llm_agreement
mngop.com,mngop.com,Party,Primary,primary,llm_agreement
mod.go.jp,mod.go.jp,Government,High,third-party,llm_agreement
jaif.or.jp,jaif.or.jp,Non-media-industry,Mid,third-party,llm_agreement
jalp.jp,jalp.jp,,Mid,third-party,human
jama.or.jp,jama.or.jp,Non-media-industry,Mid,third-party,llm_agreement
jane.or.jp,jane.or.jp,Non-media-industry,Mid,third-party,llm_agreement
japan-clp.jp,japan-clp.jp,Non-media-industry,Mid,third-party,llm_agreement
japan-first.net,japan-first.net,Party,Primary,primary,llm_agreement
japan-forward.com,japan-forward.com,Media,Mid,third-party,llm_agreement
faa.gov,faa.gov,Government,High,third-party,llm_agreement
facebook.com,facebook.com,Platform,Low,third-party,llm_agreement
facinghistory.org,facinghistory.org,Non-media-industry,Mid,third-party,llm_agreement
facta.co.jp,facta.co.jp,Media,Mid,third-party,llm_agreement
factcheck.org,factcheck.org,,Mid,third-party,human
factcheckcenter.jp,factcheckcenter.jp,Non-media-industry,Mid,third-party,llm_agreement
factoryjournal.jp,factoryjournal.jp,Media,Mid,third-party,llm_agreement
japanpt.or.jp,japanpt.or.jp,Non-media-industry,Mid,third-party,llm_agreement
japantax.jp,japantax.jp,Non-media-industry,Mid,third-party,llm_agreement
japantimes.co.jp,japantimes.co.jp,Media,Mid,third-party,llm_agreement
japantoday.com,japantoday.com,Media,Mid,third-party,llm_agreement
japantravel.com,japantravel.com,Non-media-industry,Mid,third-party,llm_agreement
japias.jp,japias.jp,Non-media-industry,Mid,third-party,llm_agreement
jasso.go.jp,jasso.go.jp,Government,High,third-party,llm_agreement
factually.co,factually.co,Media,Mid,third-party,llm_agreement
fc2.com,fc2.com,Platform,Low,third-party,llm_agreement
fcc.gov,fcc.gov,Government,High,third-party,llm_agreement
fdd.org,fdd.org,Non-media-industry,Mid,third-party,llm_agreement
fdiintelligence.com,fdiintelligence.com,Media,Mid,third-party,llm_agreement
fec.gov,fec.gov,Government,High,third-party,llm_agreement
federalnewsnetwork.com,federalnewsnetwork.com,Media,Mid,third-party,llm_agreement
arlingtondemocrats.org,arlingtondemocrats.org,Party,Primary,primary,llm_agreement
artba.org,artba.org,Non-media-industry,Mid,third-party,llm_agreement
asahi.co.jp,asahi.co.jp,Media,Mid,third-party,llm_agreement
asahi.com,asahi.com,Media,Mid,third-party,llm_agreement
asaninst.org,asaninst.org,Non-media-industry,Mid,third-party,llm_agreement
asanosatoshi.com,asanosatoshi.com,Owned,Low,third-party,llm_agreement
ascd.org,ascd.org,,Mid,third-party,human
harvard.edu,harvard.edu,Academia,High,third-party,llm_agreement
harvardpolitics.com,harvardpolitics.com,Media,Mid,third-party,llm_agreement
hatena.ne.jp,hatena.ne.jp,Platform,Low,third-party,llm_agreement
hatenablog.com,hatenablog.com,Platform,Low,third-party,llm_agreement
hatenablog.jp,hatenablog.jp,Platform,Low,third-party,llm_agreement
hayushi.com,hayushi.com,,Mid,third-party,human
healthjournalism.org,healthjournalism.org,Non-media-industry,Mid,third-party,llm_agreement
greemantoomey.com,greemantoomey.com,Non-media-industry,Mid,third-party,llm_agreement
green-transformation.jp,green-transformation.jp,,Mid,third-party,human
greengage.co,greengage.co,Non-media-industry,Mid,third-party,llm_agreement
greenly.earth,greenly.earth,Non-media-industry,Mid,third-party,llm_agreement
greenmaps.us,greenmaps.us,,Mid,third-party,human
greenparty.ca,greenparty.ca,Party,Primary,primary,llm_agreement
greenparty.ie,greenparty.ie,Party,Primary,primary,llm_agreement
org.nz,org.nz,Non-media-industry,Mid,third-party,llm_agreement
org.uk,org.uk,Non-media-industry,Mid,third-party,llm_agreement
osaka.jp,osaka.jp,,Mid,third-party,human
osaka.lg.jp,osaka.lg.jp,Government,High,third-party,llm_agreement
osakagas.co.jp,osakagas.co.jp,Non-media-industry,Mid,third-party,llm_agreement
osu.edu,osu.edu,Academia,High,third-party,llm_agreement
otokitashun.com,otokitashun.com,Owned,Low,third-party,llm_agreement
stripes.com,stripes.com,Media,Mid,third-party,llm_agreement
strongtowns.org,strongtowns.org,Non-media-industry,Mid,third-party,llm_agreement
study.com,study.com,Non-media-industry,Mid,third-party,llm_agreement
sub.jp,sub.jp,,Mid,third-party,human
substack.com,substack.com,Platform,Low,third-party,llm_agreement
sullcrom.com,sullcrom.com,Non-media-industry,Mid,third-party,llm_agreement
sustech-inc.co.jp,sustech-inc.co.jp,Non-media-industry,Mid,third-party,llm_agreement
gruene.de,gruene.de,Party,Primary,primary,llm_agreement
gunben.or.jp,gunben.or.jp,Non-media-industry,Mid,third-party,llm_agreement
gxa.go.jp,gxa.go.jp,Government,High,third-party,llm_agreement
gyosei-tominaga.com,gyosei-tominaga.com,Owned,Low,third-party,llm_agreement
gyoukaku.go.jp,gyoukaku.go.jp,Government,High,third-party,llm_agreement
gzeromedia.com,gzeromedia.com,Media,Mid,third-party,llm_agreement
harmonywithnatureun.org,harmonywithnatureun.org,Government,High,third-party,llm_agreement
minpo.online,minpo.online,,Mid,third-party,human
minshin.or.jp,minshin.or.jp,Party,Primary,primary,llm_agreement
mint-moon.net,mint-moon.net,Owned,Low,third-party,llm_agreement
mintz.com,mintz.com,Non-media-industry,Mid,third-party,llm_agreement
miraiku-office.com,miraiku-office.com,Non-media-industry,Mid,third-party,llm_agreement
mises.org,mises.org,,Mid,third-party,human
mississippidemocrats.org,mississippidemocrats.org,Party,Primary,primary,llm_agreement
o0o0.jp,o0o0.jp,Owned,Low,third-party,llm_agreement
oanda.jp,oanda.jp,Non-media-industry,Mid,third-party,llm_agreement
obc.co.jp,obc.co.jp,Non-media-industry,Mid,third-party,llm_agreement
oda-nagoya.com,oda-nagoya.com,,Mid,third-party,human
oecd.org,oecd.org,Government,High,third-party,llm_agreement
oilandgaswatch.org,oilandgaswatch.org,Non-media-industry,Mid,third-party,llm_agreement
okinawatimes.co.jp,okinawatimes.co.jp,Media,Mid,third-party,llm_agreement
japan-indepth.jp,japan-indepth.jp,Media,Mid,third-party,llm_agreement
japan-workers.com,japan-workers.com,,Mid,third-party,human
japanchoice.jp,japanchoice.jp,Non-media-industry,Mid,third-party,llm_agreement
japaneselawtranslation.go.jp,japaneselawtranslation.go.jp,Government,High,third-party,llm_agreement
japanknowledge.com,japanknowledge.com,Academia,High,third-party,llm_agreement
japanlivinglife.com,japanlivinglife.com,Owned,Low,third-party,llm_agreement
japanpoliticalhistory.com,japanpoliticalhistory.com,Owned,Low,third-party,llm_agreement
moeasia.net,moeasia.net,,Mid,third-party,human
mof.go.jp,mof.go.jp,Government,High,third-party,llm_agreement
mofa.go.jp,mofa.go.jp,Government,High,third-party,llm_agreement
moj.go.jp,moj.go.jp,Government,High,third-party,llm_agreement
mondaq.com,mondaq.com,,Mid,third-party,human
monetary.org,monetary.org,Non-media-industry,Mid,third-party,llm_agreement
money-bu-jpx.com,money-bu-jpx.com,Non-media-industry,Mid,third-party,llm_agreement
jbic.go.jp,jbic.go.jp,Government,High,third-party,llm_agreement
jcer.or.jp,jcer.or.jp,,Mid,third-party,human
jclu.org,jclu.org,Non-media-industry,Mid,third-party,llm_agreement
jcp-amagasaki.org,jcp-amagasaki.org,Party,Primary,primary,llm_agreement
jcp-eco.net,jcp-eco.net,Party,Primary,primary,llm_agreement
jcp-fukuoka.jp,jcp-fukuoka.jp,Party,Primary,primary,llm_agreement
jcp-gifu.jp,jcp-gifu.jp,Party,Primary,primary,llm_agreement
okizono.com,okizono.com,,Mid,third-party,human
okjcp.jp,okjcp.jp,Party,Primary,primary,llm_agreement
okudafumiyo.com,okudafumiyo.com,Owned,Low,third-party,llm_agreement
omfif.org,omfif.org,Non-media-industry,Mid,third-party,llm_agreement
oneosaka.jp,oneosaka.jp,Party,Primary,primary,llm_agreement
onodera-user-run.co.jp,onodera-user-run.co.jp,Non-media-industry,Mid,third-party,llm_agreement
onomichisogo-law.jp,onomichisogo-law.jp,Non-media-industry,Mid,third-party,llm_agreement
actionnetwork.org,actionnetwork.org,Platform,Low,third-party,llm_agreement
activo.jp,activo.jp,Platform,Low,third-party,llm_agreement
acton.org,acton.org,Non-media-industry,Mid,third-party,llm_agreement
adeac.jp,adeac.jp,Academia,High,third-party,llm_agreement
adecco.com,adecco.com,Non-media-industry,Mid,third-party,llm_agreement
advisory.com,advisory.com,Non-media-industry,Mid,third-party,llm_agreement
advocate.com,advocate.com,Media,Mid,third-party,llm_agreement
riversidecountygop.com,riversidecountygop.com,Party,Primary,primary,llm_agreement
rmi.org,rmi.org,Non-media-industry,Mid,third-party,llm_agreement
rockymountainvoice.com,rockymountainvoice.com,Media,Mid,third-party,llm_agreement
rollcall.com,rollcall.com,Media,Mid,third-party,llm_agreement
rollingstone.com,rollingstone.com,Media,Mid,third-party,llm_agreement
rooseveltinstitute.org,rooseveltinstitute.org,Non-media-industry,Mid,third-party,llm_agreement
rosei.jp,rosei.jp,Non-media-industry,Mid,third-party,llm_agreement
ryukyushimpo.jp,ryukyushimpo.jp,Media,Mid,third-party,llm_agreement
s-newscommons.com,s-newscommons.com,Media,Mid,third-party,llm_agreement
s-sugimura.com,s-sugimura.com,Owned,Low,third-party,llm_agreement
saferoutespartnership.org,saferoutespartnership.org,Non-media-industry,Mid,third-party,llm_agreement
sagepub.com,sagepub.com,Academia,High,third-party,llm_agreement
saiben.or.jp,saiben.or.jp,Non-media-industry,Mid,third-party,llm_agreement
saiene.or.jp,saiene.or.jp,,Mid,third-party,human
crjapan.org,crjapan.org,,Mid,third-party,human
crx7601.com,crx7601.com,Owned,Low,third-party,llm_agreement
csis.org,csis.org,Non-media-industry,Mid,third-party,llm_agreement
csmonitor.com,csmonitor.com,Media,Mid,third-party,llm_agreement
cssn.cn,cssn.cn,Academia,High,third-party,llm_agreement
cssn.org,cssn.org,Academia,High,third-party,llm_agreement
ctdems.org,ctdems.org,Party,Primary,primary,llm_agreement
executivegov.com,executivegov.com,Media,Mid,third-party,llm_agreement
expact.jp,expact.jp,Non-media-industry,Mid,third-party,llm_agreement
exploringsocialism.com,exploringsocialism.com,,Mid,third-party,human
expressnews.com,expressnews.com,Media,Mid,third-party,llm_agreement
ey.com,ey.com,Non-media-industry,Mid,third-party,llm_agreement
f-bengoshikai.com,f-bengoshikai.com,Non-media-industry,Mid,third-party,llm_agreement
f-ishin.jp,f-ishin.jp,Party,Primary,primary,llm_agreement
tsukuba.ac.jp,tsukuba.ac.jp,Academia,High,third-party,llm_agreement
tv-asahi.co.jp,tv-asahi.co.jp,Media,Mid,third-party,llm_agreement
tv-tokyo.co.jp,tv-tokyo.co.jp,Media,Mid,third-party,llm_agreement
twitter.com,twitter.com,Platform,Low,third-party,llm_agreement
u-power.jp,u-power.jp,Non-media-industry,Mid,third-party,llm_agreement
u-tokyo.ac.jp,u-tokyo.ac.jp,Academia,High,third-party,llm_agreement
u-toyama.ac.jp,u-toyama.ac.jp,Academia,High,third-party,llm_agreement
akamine-seiken.jp,akamine-seiken.jp,,Mid,third-party,human
akingump.com,akingump.com,Non-media-industry,Mid,third-party,llm_agreement
akira310.com,akira310.com,Owned,Low,third-party,llm_agreement
alabamapolicy.org,alabamapolicy.org,Non-media-industry,Mid,third-party,llm_agreement
alaskalp.org,alaskalp.org,,Mid,third-party,human
alec.org,alec.org,Non-media-industry,Mid,third-party,llm_agreement
alexnowrasteh.com,alexnowrasteh.com,Owned,Low,third-party,llm_agreement
ontheissues.org,ontheissues.org,,Mid,third-party,human
openborders.info,openborders.info,Non-media-industry,Mid,third-party,llm_agreement
openmarketsinstitute.org,openmarketsinstitute.org,Non-media-industry,Mid,third-party,llm_agreement
openmedia.org,openmedia.org,Non-media-industry,Mid,third-party,llm_agreement
opensecrets.org,opensecrets.org,Non-media-industry,Mid,third-party,llm_agreement
org.au,org.au,Non-media-industry,Mid,third-party,llm_agreement
org.cn,org.cn,Non-media-industry,Mid,third-party,llm_agreement
carolinajournal.com,carolinajournal.com,Media,Mid,third-party,llm_agreement
cas.go.jp,cas.go.jp,Government,High,third-party,llm_agreement
casa1988.or.jp,casa1988.or.jp,Non-media-industry,Mid,third-party,llm_agreement
catherinerowett.org,catherinerowett.org,Owned,Low,third-party,llm_agreement
cato-unbound.org,cato-unbound.org,,Mid,third-party,human
cato.org,cato.org,Non-media-industry,Mid,third-party,llm_agreement
cbc.ca,cbc.ca,Media,Mid,third-party,llm_agreement
koubo.jp,koubo.jp,,Mid,third-party,human
koureisha-jutaku.com,koureisha-jutaku.com,,Mid,third-party,human
kpmg.com,kpmg.com,Non-media-industry,Mid,third-party,llm_agreement
kqed.org,kqed.org,Media,Mid,third-party,llm_agreement
ksat.com,ksat.com,Media,Mid,third-party,llm_agreement
ktv.jp,ktv.jp,Media,Mid,third-party,llm_agreement
kumanichi.com,kumanichi.com,Media,Mid,third-party,llm_agreement
917society.org,917society.org,Non-media-industry,Mid,third-party,llm_agreement
a-koike.gr.jp,a-koike.gr.jp,,Mid,third-party,human
aals.org,aals.org,Academia,High,third-party,llm_agreement
abc-square.com,abc-square.com,,Mid,third-party,human
abc7news.com,abc7news.com,Media,Mid,third-party,llm_agreement
abcnews.com,abcnews.com,Media,Mid,third-party,llm_agreement
abema.tv,abema.tv,,Mid,third-party,human
jcp-shinko.jp,jcp-shinko.jp,Party,Primary,primary,llm_agreement
jcp-shizuoka.jp,jcp-shizuoka.jp,Party,Primary,primary,llm_agreement
jcp-tokyo.net,jcp-tokyo.net,Party,Primary,primary,llm_agreement
jcp-toshima.jp,jcp-toshima.jp,Party,Primary,primary,llm_agreement
jcp-warabi.jp,jcp-warabi.jp,Party,Primary,primary,llm_agreement
jcp.or.jp,jcp.or.jp,Party,Primary,primary,llm_agreement
jcpmkd.jp,jcpmkd.jp,Party,Primary,primary,llm_agreement
moneypost.jp,moneypost.jp,Media,Mid,third-party,llm_agreement
moneyweek.com,moneyweek.com,Media,Mid,third-party,llm_agreement
monodone.com,monodone.com,,Mid,third-party,human
monroepadems.com,monroepadems.com,Party,Primary,primary,llm_agreement
moomoo.com,moomoo.com,Non-media-industry,Mid,third-party,llm_agreement
morrisonglobal.com,morrisonglobal.com,Non-media-industry,Mid,third-party,llm_agreement
motomura-nobuko.jp,motomura-nobuko.jp,Owned,Low,third-party,llm_agreement
foejapan.org,foejapan.org,Non-media-industry,Mid,third-party,llm_agreement
foodandwateraction.org,foodandwateraction.org,Non-media-industry,Mid,third-party,llm_agreement
forbes.com,forbes.com,Media,Mid,third-party,llm_agreement
fordhaminstitute.org,fordhaminstitute.org,Non-media-industry,Mid,third-party,llm_agreement
fordlibrarymuseum.gov,fordlibrarymuseum.gov,Government,High,third-party,llm_agreement
forecastinternational.com,forecastinternational.com,Non-media-industry,Mid,third-party,llm_agreement
foreignaffairs.com,foreignaffairs.com,Media,Mid,third-party,llm_agreement
healthnet.jp,healthnet.jp,Non-media-industry,Mid,third-party,llm_agreement
heartland.org,heartland.org,Non-media-industry,Mid,third-party,llm_agreement
heritage.org,heritage.org,Non-media-industry,Mid,third-party,llm_agreement
hhs.com,hhs.com,Non-media-industry,Mid,third-party,llm_agreement
hidetaka-inoue.com,hidetaka-inoue.com,Owned,Low,third-party,llm_agreement
higheredtoday.org,higheredtoday.org,,Mid,third-party,human
highergroundlabs.com,highergroundlabs.com,Non-media-industry,Mid,third-party,llm_agreement
kochinews.co.jp,kochinews.co.jp,Media,Mid,third-party,llm_agreement
kodomo-hou21.net,kodomo-hou21.net,Non-media-industry,Mid,third-party,llm_agreement
kodomoandkazoku.jp,kodomoandkazoku.jp,Non-media-industry,Mid,third-party,llm_agreement
kokumin-ai.jp,kokumin-ai.jp,Party,Primary,primary,llm_agreement
kokuminanzen.com,kokuminanzen.com,,Mid,third-party,human
kokuminkaikan.jp,kokuminkaikan.jp,Non-media-industry,Mid,third-party,llm_agreement
kokuta-keiji.jp,kokuta-keiji.jp,Owned,Low,third-party,llm_agreement
hirataku.com,hirataku.com,Owned,Low,third-party,llm_agreement
hiroben.or.jp,hiroben.or.jp,Non-media-industry,Mid,third-party,llm_agreement
historicalindex.org,historicalindex.org,,Mid,third-party,human
hitopedia.net,hitopedia.net,,Mid,third-party,human
hituzi.co.jp,hituzi.co.jp,Academia,High,third-party,llm_agreement
hklaw.com,hklaw.com,Non-media-industry,Mid,third-party,llm_agreement
hoganlovells.com,hoganlovells.com,Non-media-industry,Mid,third-party,llm_agreement
naacp.org,naacp.org,Non-media-industry,Mid,third-party,llm_agreement
naco.org,naco.org,Non-media-industry,Mid,third-party,llm_agreement
nagasakipeace.jp,nagasakipeace.jp,Government,High,third-party,llm_agreement
nagomi-asia.or.jp,nagomi-asia.or.jp,Non-media-industry,Mid,third-party,llm_agreement
nagoyatv.com,nagoyatv.com,Media,Mid,third-party,llm_agreement
nakagawa-masaharu.jp,nakagawa-masaharu.jp,Owned,Low,third-party,llm_agreement
nam.co.jp,nam.co.jp,Non-media-industry,Mid,third-party,llm_agreement
federalregister.gov,federalregister.gov,Government,High,third-party,llm_agreement
federalsafetynet.com,federalsafetynet.com,Owned,Low,third-party,llm_agreement
federaltimes.com,federaltimes.com,Media,Mid,third-party,llm_agreement
fedscoop.com,fedscoop.com,Media,Mid,third-party,llm_agreement
fee.org,fee.org,Non-media-industry,Mid,third-party,llm_agreement
fepc.or.jp,fepc.or.jp,Non-media-industry,Mid,third-party,llm_agreement
fff.org,fff.org,Non-media-industry,Mid,third-party,llm_agreement
usni.org,usni.org,,Mid,third-party,human
uspoliticalpartyplatforms.com,uspoliticalpartyplatforms.com,,Mid,third-party,human
usresistnews.org,usresistnews.org,Media,Mid,third-party,llm_agreement
ustpm.org,ustpm.org,Party,Primary,primary,llm_agreement
usustatesman.com,usustatesman.com,Media,Mid,third-party,llm_agreement
utahpolicy.com,utahpolicy.com,Media,Mid,third-party,llm_agreement
utexas.edu,utexas.edu,Academia,High,third-party,llm_agreement
compactmag.com,compactmag.com,Media,Mid,third-party,llm_agreement
computerweekly.com,computerweekly.com,Media,Mid,third-party,llm_agreement
concordcoalition.org,concordcoalition.org,Non-media-industry,Mid,third-party,llm_agreement
conference-board.org,conference-board.org,Non-media-industry,Mid,third-party,llm_agreement
congrant.com,congrant.com,,Mid,third-party,human
congress.gov,congress.gov,Government,High,third-party,llm_agreement
connectiu.com,connectiu.com,,Mid,third-party,human
jessicariedl.blog,jessicariedl.blog,Owned,Low,third-party,llm_agreement
jetro.go.jp,jetro.go.jp,Government,High,third-party,llm_agreement
jfir.or.jp,jfir.or.jp,Non-media-industry,Mid,third-party,llm_agreement
jfit.co.jp,jfit.co.jp,Non-media-industry,Mid,third-party,llm_agreement
jfpu.org,jfpu.org,Non-media-industry,Mid,third-party,llm_agreement
jfss.gr.jp,jfss.gr.jp,Non-media-industry,Mid,third-party,llm_agreement
jftc.go.jp,jftc.go.jp,Government,High,third-party,llm_agreement
komei-shimbun.jp,komei-shimbun.jp,Party,Primary,primary,llm_agreement
komei.or.jp,komei.or.jp,Party,Primary,primary,llm_agreement
kondosentaku.jp,kondosentaku.jp,Owned,Low,third-party,llm_agreement
korea-ngo.org,korea-ngo.org,Non-media-industry,Mid,third-party,llm_agreement
kosakaeiji.jp,kosakaeiji.jp,Owned,Low,third-party,llm_agreement
kotankyo.jp,kotankyo.jp,Academia,High,third-party,llm_agreement
kotobank.jp,kotobank.jp,,Mid,third-party,human
agrifact.jp,agrifact.jp,Media,Mid,third-party,llm_agreement
agstax.or.jp,agstax.or.jp,Non-media-industry,Mid,third-party,llm_agreement
ah-visa.com,ah-visa.com,Non-media-industry,Mid,third-party,llm_agreement
ai-commission.com,ai-commission.com,Non-media-industry,Mid,third-party,llm_agreement
ai-government-portal.com,ai-government-portal.com,,Mid,third-party,human
aiben.jp,aiben.jp,Non-media-industry,Mid,third-party,llm_agreement
aichi.jp,aichi.jp,,Mid,third-party,human
d125.org,d125.org,,Mid,third-party,human
d3b.jp,d3b.jp,,Mid,third-party,human
dai-ichi-life.co.jp,dai-ichi-life.co.jp,Non-media-industry,Mid,third-party,llm_agreement
daigasgroup.com,daigasgroup.com,Non-media-industry,Mid,third-party,llm_agreement
daily.co.jp,daily.co.jp,Media,Mid,third-party,llm_agreement
dailycaller.com,dailycaller.com,Media,Mid,third-party,llm_agreement
dailycardinal.com,dailycardinal.com,,Mid,third-party,human
renewalministries.com,renewalministries.com,Non-media-industry,Mid,third-party,llm_agreement
rengo-soken.or.jp,rengo-soken.or.jp,Non-media-industry,Mid,third-party,llm_agreement
rep.org,rep.org,Non-media-industry,Mid,third-party,llm_agreement
republicanjobs.gop,republicanjobs.gop,Non-media-industry,Mid,third-party,llm_agreement
republicanviews.org,republicanviews.org,,Mid,third-party,human
researchgate.net,researchgate.net,Platform,Low,third-party,llm_agreement
resilience.org,resilience.org,Non-media-industry,Mid,third-party,llm_agreement
finsmes.com,finsmes.com,Media,Mid,third-party,llm_agreement
fiveable.me,fiveable.me,,Mid,third-party,human
fivethirtyeight.com,fivethirtyeight.com,Media,Mid,third-party,llm_agreement
fleetio.com,fleetio.com,Non-media-industry,Mid,third-party,llm_agreement
fmsnet.co.jp,fmsnet.co.jp,Non-media-industry,Mid,third-party,llm_agreement
fn-group.jp,fn-group.jp,,Mid,third-party,human
fnn.jp,fnn.jp,Media,Mid,third-party,llm_agreement
taira-m.jp,taira-m.jp,Owned,Low,third-party,llm_agreement
taiwantoday.tw,taiwantoday.tw,,Mid,third-party,human
taiyoko-kakaku.jp,taiyoko-kakaku.jp,Non-media-industry,Mid,third-party,llm_agreement
takamura.club,takamura.club,Owned,Low,third-party,llm_agreement
takanawa.ed.jp,takanawa.ed.jp,Academia,High,third-party,llm_agreement
takara-okinawa.jp,takara-okinawa.jp,,Mid,third-party,human
takenokolab.link,takenokolab.link,Owned,Low,third-party,llm_agreement
swedenherald.com,swedenherald.com,Media,Mid,third-party,llm_agreement
swgroup.com,swgroup.com,Non-media-industry,Mid,third-party,llm_agreement
swissinfo.ch,swissinfo.ch,Media,Mid,third-party,llm_agreement
syoha.jp,syoha.jp,,Mid,third-party,human
syokuba-no-jinken.org,syokuba-no-jinken.org,Non-media-industry,Mid,third-party,llm_agreement
t-stars.com,t-stars.com,,Mid,third-party,human
tachibana-fumi.com,tachibana-fumi.com,Owned,Low,third-party,llm_agreement
mtlp.org,mtlp.org,Party,Primary,primary,llm_agreement
mufg.jp,mufg.jp,Non-media-industry,Mid,third-party,llm_agreement
murc.jp,murc.jp,Non-media-industry,Mid,third-party,llm_agreement
musashi-corporation.com,musashi-corporation.com,Non-media-industry,Mid,third-party,llm_agreement
mxtv.jp,mxtv.jp,Media,Mid,third-party,llm_agreement
mynavi.jp,mynavi.jp,Non-media-industry,Mid,third-party,llm_agreement
myri.co.jp,myri.co.jp,Non-media-industry,Mid,third-party,llm_agreement
lasvegassun.com,lasvegassun.com,Media,Mid,third-party,llm_agreement
latimes.com,latimes.com,Media,Mid,third-party,llm_agreement
lawfaremedia.org,lawfaremedia.org,Media,Mid,third-party,llm_agreement
lawliberty.org,lawliberty.org,Media,Mid,third-party,llm_agreement
lawnoted.uk,lawnoted.uk,,Mid,third-party,human
leadingage.org,leadingage.org,Non-media-industry,Mid,third-party,llm_agreement
ledge.ai,ledge.ai,,Mid,third-party,human
tatsumi-kotaro-jump.com,tatsumi-kotaro-jump.com,Owned,Low,third-party,llm_agreement
tatsuyaito.com,tatsuyaito.com,Owned,Low,third-party,llm_agreement
tatsuzin.info,tatsuzin.info,Non-media-industry,Mid,third-party,llm_agreement
tax-justice.com,tax-justice.com,Non-media-industry,Mid,third-party,llm_agreement
taxfoundation.org,taxfoundation.org,Non-media-industry,Mid,third-party,llm_agreement
taxpolicycenter.org,taxpolicycenter.org,Non-media-industry,Mid,third-party,llm_agreement
tb-m.com,tb-m.com,Non-media-industry,Mid,third-party,llm_agreement
otonaken.com,otonaken.com,,Mid,third-party,human
oudaily.com,oudaily.com,Media,Mid,third-party,llm_agreement
oup.com,oup.com,Academia,High,third-party,llm_agreement
oxfordeconomics.com,oxfordeconomics.com,Non-media-industry,Mid,third-party,llm_agreement
oyo.co.jp,oyo.co.jp,Non-media-industry,Mid,third-party,llm_agreement
p2012.org,p2012.org,Owned,Low,third-party,llm_agreement
p2016.org,p2016.org,Owned,Low,third-party,llm_agreement
uva.nl,uva.nl,Academia,High,third-party,llm_agreement
valleynewslive.com,valleynewslive.com,Media,Mid,third-party,llm_agreement
value-press.com,value-press.com,Non-media-industry,Mid,third-party,llm_agreement
vanpeople.com,vanpeople.com,Platform,Low,third-party,llm_agreement
vasquezlawnc.com,vasquezlawnc.com,Non-media-industry,Mid,third-party,llm_agreement
vatcalc.com,vatcalc.com,Non-media-industry,Mid,third-party,llm_agreement
videonews.com,videonews.com,Media,Mid,third-party,llm_agreement
mp.se,mp.se,Party,Primary,primary,llm_agreement
mri.co.jp,mri.co.jp,Non-media-industry,Mid,third-party,llm_agreement
ms.now,ms.now,Media,Mid,third-party,llm_agreement
mskj.or.jp,mskj.or.jp,Academia,High,third-party,llm_agreement
msmagazine.com,msmagazine.com,Media,Mid,third-party,llm_agreement
msn.com,msn.com,,Mid,third-party,human
msnbc.com,msnbc.com,Media,Mid,third-party,llm_agreement
tbs.co.jp,tbs.co.jp,Media,Mid,third-party,llm_agreement
tbsradio.jp,tbsradio.jp,Media,Mid,third-party,llm_agreement
teachforjapan.org,teachforjapan.org,Non-media-industry,Mid,third-party,llm_agreement
teachingamericanhistory.org,teachingamericanhistory.org,Academia,High,third-party,llm_agreement
techcrunch.com,techcrunch.com,Media,Mid,third-party,llm_agreement
techgym.jp,techgym.jp,Non-media-industry,Mid,third-party,llm_agreement
techinformed.com,techinformed.com,Media,Mid,third-party,llm_agreement
hoiku-zenhoren.org,hoiku-zenhoren.org,Non-media-industry,Mid,third-party,llm_agreement
hojyokin-portal.jp,hojyokin-portal.jp,Non-media-industry,Mid,third-party,llm_agreement
hokenmarket.net,hokenmarket.net,Non-media-industry,Mid,third-party,llm_agreement
hokkaido-np.co.jp,hokkaido-np.co.jp,Media,Mid,third-party,llm_agreement
hokkoku.co.jp,hokkoku.co.jp,Media,Mid,third-party,llm_agreement
hokudai.ac.jp,hokudai.ac.jp,Academia,High,third-party,llm_agreement
honjosatoshi.jp,honjosatoshi.jp,Owned,Low,third-party,llm_agreement
dailymail.com,dailymail.com,Media,Mid,third-party,llm_agreement
dailysignal.com,dailysignal.com,Media,Mid,third-party,llm_agreement
dartmouth.edu,dartmouth.edu,Academia,High,third-party,llm_agreement
data-max.co.jp,data-max.co.jp,,Mid,third-party,human
datacenterdynamics.com,datacenterdynamics.com,Media,Mid,third-party,llm_agreement
dataforprogress.org,dataforprogress.org,Non-media-industry,Mid,third-party,llm_agreement
datu-chihoukoumuin.com,datu-chihoukoumuin.com,,Mid,third-party,human
amnesty-jpn.org,amnesty-jpn.org,Non-media-industry,Mid,third-party,llm_agreement
amova-am.com,amova-am.com,Non-media-industry,Mid,third-party,llm_agreement
aoi-mirai.jp,aoi-mirai.jp,,Mid,third-party,human
ap.org,ap.org,Media,Mid,third-party,llm_agreement
apinitiative.org,apinitiative.org,Non-media-industry,Mid,third-party,llm_agreement
apnews.com,apnews.com,Media,Mid,third-party,llm_agreement
apnorc.org,apnorc.org,Academia,High,third-party,llm_agreement
davispolk.com,davispolk.com,Non-media-industry,Mid,third-party,llm_agreement
davisvanguard.org,davisvanguard.org,Media,Mid,third-party,llm_agreement
decn.co.jp,decn.co.jp,Media,Mid,third-party,llm_agreement
defendinged.org,defendinged.org,Non-media-industry,Mid,third-party,llm_agreement
defense.gov,defense.gov,Government,High,third-party,llm_agreement
defensenews.com,defensenews.com,Media,Mid,third-party,llm_agreement
defenseone.com,defenseone.com,Media,Mid,third-party,llm_agreement
visajapan.jp,visajapan.jp,Non-media-industry,Mid,third-party,llm_agreement
visaverge.com,visaverge.com,Media,Mid,third-party,llm_agreement
voanews.com,voanews.com,Government,High,third-party,llm_agreement
votechaseoliver.com,votechaseoliver.com,Owned,Low,third-party,llm_agreement
vox.com,vox.com,Media,Mid,third-party,llm_agreement
wadems.org,wadems.org,Party,Primary,primary,llm_agreement
wagop.org,wagop.org,Party,Primary,primary,llm_agreement
naohiro.biz,naohiro.biz,Owned,Low,third-party,llm_agreement
nasfaa.org,nasfaa.org,Non-media-industry,Mid,third-party,llm_agreement
nationalaffairs.com,nationalaffairs.com,,Mid,third-party,human
nationalinterest.org,nationalinterest.org,Media,Mid,third-party,llm_agreement
nationalreview.com,nationalreview.com,Media,Mid,third-party,llm_agreement
nationaltoday.com,nationaltoday.com,,Mid,third-party,human
nationbuilder.com,nationbuilder.com,,Mid,third-party,human
nativenewsonline.net,nativenewsonline.net,Media,Mid,third-party,llm_agreement
natlawreview.com,natlawreview.com,Media,Mid,third-party,llm_agreement
nato-pa.int,nato-pa.int,Government,High,third-party,llm_agreement
nato.int,nato.int,Government,High,third-party,llm_agreement
natoassociation.ca,natoassociation.ca,Non-media-industry,Mid,third-party,llm_agreement
natori-yasushi.com,natori-yasushi.com,Owned,Low,third-party,llm_agreement
nature.com,nature.com,Academia,High,third-party,llm_agreement
sakura.ne.jp,sakura.ne.jp,Non-media-industry,Mid,third-party,llm_agreement
salish-current.org,salish-current.org,Media,Mid,third-party,llm_agreement
salon.com,salon.com,Media,Mid,third-party,llm_agreement
salujalaw.com,salujalaw.com,Non-media-industry,Mid,third-party,llm_agreement
samejimahiroshi.com,samejimahiroshi.com,Owned,Low,third-party,llm_agreement
sanae.gr.jp,sanae.gr.jp,,Mid,third-party,human
sandovaldemocrats.org,sandovaldemocrats.org,Party,Primary,primary,llm_agreement
163.com,163.com,,Mid,third-party,human
19thnews.org,19thnews.org,Media,Mid,third-party,llm_agreement
2024gopplatform.com,2024gopplatform.com,Party,Primary,primary,llm_agreement
2nn.jp,2nn.jp,,Mid,third-party,human
373news.com,373news.com,Media,Mid,third-party,llm_agreement
3rd-in.co.jp,3rd-in.co.jp,Non-media-industry,Mid,third-party,llm_agreement
401kspecialistmag.com,401kspecialistmag.com,Media,Mid,third-party,llm_agreement
sanfordherald.com,sanfordherald.com,Media,Mid,third-party,llm_agreement
sangiin.go.jp,sangiin.go.jp,Government,High,third-party,llm_agreement
sanin-chuo.co.jp,sanin-chuo.co.jp,Media,Mid,third-party,llm_agreement
sankei.com,sankei.com,Media,Mid,third-party,llm_agreement
sankeibiz.jp,sankeibiz.jp,Media,Mid,third-party,llm_agreement
sanseito-shizuoka.jp,sanseito-shizuoka.jp,Party,Primary,primary,llm_agreement
sanseito.biz,sanseito.biz,,Mid,third-party,human
saitama.jp,saitama.jp,Government,High,third-party,llm_agreement
sakaimanabu.com,sakaimanabu.com,Owned,Low,third-party,llm_agreement
sakanouehr.jp,sakanouehr.jp,Non-media-industry,Mid,third-party,llm_agreement
sakata-reiko.com,sakata-reiko.com,Owned,Low,third-party,llm_agreement
sake-renai-manga.xyz,sake-renai-manga.xyz,Owned,Low,third-party,llm_agreement
sakigake.jp,sakigake.jp,Media,Mid,third-party,llm_agreement
sakisiru.jp,sakisiru.jp,Media,Mid,third-party,llm_agreement
tamura-jcp.info,tamura-jcp.info,,Mid,third-party,human
tanabeconsulting.co.jp,tanabeconsulting.co.jp,Non-media-industry,Mid,third-party,llm_agreement
tandfonline.com,tandfonline.com,Academia,High,third-party,llm_agreement
tansajp.org,tansajp.org,Media,Mid,third-party,llm_agreement
taro-yamamoto.jp,taro-yamamoto.jp,,Mid,third-party,human
taroyamada.jp,taroyamada.jp,Owned,Low,third-party,llm_agreement
tass.com,tass.com,Media,Mid,third-party,llm_agreement
washingtonexaminer.com,washingtonexaminer.com,Media,Mid,third-party,llm_agreement
washingtonmonthly.com,washingtonmonthly.com,Media,Mid,third-party,llm_agreement
washingtonpost.com,washingtonpost.com,Media,Mid,third-party,llm_agreement
washingtontimes.com,washingtontimes.com,Media,Mid,third-party,llm_agreement
washtimes.com,washtimes.com,Media,Mid,third-party,llm_agreement
wbsj.org,wbsj.org,Non-media-industry,Mid,third-party,llm_agreement
wbtw.com,wbtw.com,Media,Mid,third-party,llm_agreement
sanseito.jp,sanseito.jp,Party,Primary,primary,llm_agreement
sanseitofukuoka.jp,sanseitofukuoka.jp,Party,Primary,primary,llm_agreement
sapirjournal.org,sapirjournal.org,Media,Mid,third-party,llm_agreement
sasaki-kensho.jp,sasaki-kensho.jp,Owned,Low,third-party,llm_agreement
sato-nobuaki.jp,sato-nobuaki.jp,Owned,Low,third-party,llm_agreement
sato-yumi.jp,sato-yumi.jp,Owned,Low,third-party,llm_agreement
satsuben.or.jp,satsuben.or.jp,Non-media-industry,Mid,third-party,llm_agreement
defensepriorities.org,defensepriorities.org,Non-media-industry,Mid,third-party,llm_agreement
degruyterbrill.com,degruyterbrill.com,Academia,High,third-party,llm_agreement
dehnbase.org,dehnbase.org,Owned,Low,third-party,llm_agreement
deldems.org,deldems.org,Party,Primary,primary,llm_agreement
deloitte.jp,deloitte.jp,Non-media-industry,Mid,third-party,llm_agreement
demconvention.com,demconvention.com,Party,Primary,primary,llm_agreement
democracychronicles.org,democracychronicles.org,Media,Mid,third-party,llm_agreement
aiipartners.ai,aiipartners.ai,Non-media-industry,Mid,third-party,llm_agreement
aip.org,aip.org,Academia,High,third-party,llm_agreement
airandspaceforces.com,airandspaceforces.com,Media,Mid,third-party,llm_agreement
airitilibrary.com,airitilibrary.com,Academia,High,third-party,llm_agreement
aisi.go.jp,aisi.go.jp,Government,High,third-party,llm_agreement
ajf.gr.jp,ajf.gr.jp,Non-media-industry,Mid,third-party,llm_agreement
ajhc.or.jp,ajhc.or.jp,Non-media-industry,Mid,third-party,llm_agreement
fosterglobal.com,fosterglobal.com,Non-media-industry,Mid,third-party,llm_agreement
fox59.com,fox59.com,Media,Mid,third-party,llm_agreement
foxbusiness.com,foxbusiness.com,Media,Mid,third-party,llm_agreement
foxnews.com,foxnews.com,Media,Mid,third-party,llm_agreement
fpa.org,fpa.org,Non-media-industry,Mid,third-party,llm_agreement
fpif.org,fpif.org,Non-media-industry,Mid,third-party,llm_agreement
fqqz-aa-japan.com,fqqz-aa-japan.com,,Mid,third-party,human
hrn.or.jp,hrn.or.jp,Non-media-industry,Mid,third-party,llm_agreement
ht-tax.or.jp,ht-tax.or.jp,Non-media-industry,Mid,third-party,llm_agreement
hudson.org,hudson.org,Non-media-industry,Mid,third-party,llm_agreement
huffingtonpost.jp,huffingtonpost.jp,Media,Mid,third-party,llm_agreement
hurights.or.jp,hurights.or.jp,Non-media-industry,Mid,third-party,llm_agreement
hyogo.jp,hyogo.jp,Government,High,third-party,llm_agreement
i2i.org,i2i.org,Non-media-industry,Mid,third-party,llm_agreement
sawara-wakako.com,sawara-wakako.com,Owned,Low,third-party,llm_agreement
say-g.com,say-g.com,,Mid,third-party,human
sayakakobayashi.com,sayakakobayashi.com,Owned,Low,third-party,llm_agreement
sbbit.jp,sbbit.jp,Media,Mid,third-party,llm_agreement
sbivc.co.jp,sbivc.co.jp,Non-media-industry,Mid,third-party,llm_agreement
sccdp.org,sccdp.org,Party,Primary,primary,llm_agreement
sccgreens.org,sccgreens.org,Party,Primary,primary,llm_agreement
leftfootforward.org,leftfootforward.org,Media,Mid,third-party,llm_agreement
legal-planet.org,legal-planet.org,Academia,High,third-party,llm_agreement
legalclarity.org,legalclarity.org,Media,Mid,third-party,llm_agreement
legistorm.com,legistorm.com,Non-media-industry,Mid,third-party,llm_agreement
lexology.com,lexology.com,,Mid,third-party,human
liberalcurrents.com,liberalcurrents.com,Media,Mid,third-party,llm_agreement
liberalpatriot.com,liberalpatriot.com,Media,Mid,third-party,llm_agreement
berlinpolicyjournal.com,berlinpolicyjournal.com,Media,Mid,third-party,llm_agreement
bestcolleges.com,bestcolleges.com,Non-media-industry,Mid,third-party,llm_agreement
bethellaw.com,bethellaw.com,Non-media-industry,Mid,third-party,llm_agreement
bgov.com,bgov.com,,Mid,third-party,human
biasly.com,biasly.com,,Mid,third-party,human
bigissue.com,bigissue.com,Media,Mid,third-party,llm_agreement
billmoyers.com,billmoyers.com,,Mid,third-party,human
pace.edu,pace.edu,Academia,High,third-party,llm_agreement
parliament.uk,parliament.uk,Government,High,third-party,llm_agreement
patriotfetch.com,patriotfetch.com,,Mid,third-party,human
paypay-sec.co.jp,paypay-sec.co.jp,Non-media-industry,Mid,third-party,llm_agreement
pbs.org,pbs.org,Media,Mid,third-party,llm_agreement
pbssocal.org,pbssocal.org,Media,Mid,third-party,llm_agreement
pennsylvaniaindependent.com,pennsylvaniaindependent.com,Non-media-industry,Mid,third-party,llm_agreement
naval-technology.com,naval-technology.com,Media,Mid,third-party,llm_agreement
navigatorresearch.org,navigatorresearch.org,Non-media-industry,Mid,third-party,llm_agreement
nbcnews.com,nbcnews.com,Media,Mid,third-party,llm_agreement
nbcnewyork.com,nbcnewyork.com,Media,Mid,third-party,llm_agreement
nbcphiladelphia.com,nbcphiladelphia.com,Media,Mid,third-party,llm_agreement
nbcwashington.com,nbcwashington.com,Media,Mid,third-party,llm_agreement
nc.gop,nc.gop,Party,Primary,primary,llm_agreement
pensionsage.com,pensionsage.com,Media,Mid,third-party,llm_agreement
people.cn,people.cn,Media,Mid,third-party,llm_agreement
peoples-plan.org,peoples-plan.org,,Mid,third-party,human
peoplesdispatch.org,peoplesdispatch.org,Media,Mid,third-party,llm_agreement
pepperdine.edu,pepperdine.edu,Academia,High,third-party,llm_agreement
peraichi.com,peraichi.com,Platform,Low,third-party,llm_agreement
performance.gov,performance.gov,Government,High,third-party,llm_agreement
hoodline.com,hoodline.com,Media,Mid,third-party,llm_agreement
hoover.org,hoover.org,,Mid,third-party,human
horiikenji.jp,horiikenji.jp,Owned,Low,third-party,llm_agreement
hoshuto.jp,hoshuto.jp,Party,Primary,primary,llm_agreement
house.gov,house.gov,Government,High,third-party,llm_agreement
houstonpublicmedia.org,houstonpublicmedia.org,Media,Mid,third-party,llm_agreement
hr-party.jp,hr-party.jp,Party,Primary,primary,llm_agreement
web.nhk,web.nhk,Media,Mid,third-party,llm_agreement
weblio.jp,weblio.jp,,Mid,third-party,human
weebly.com,weebly.com,Platform,Low,third-party,llm_agreement
wenweipo.com,wenweipo.com,Media,Mid,third-party,llm_agreement
wenxuecity.com,wenxuecity.com,Platform,Low,third-party,llm_agreement
wfyi.org,wfyi.org,Media,Mid,third-party,llm_agreement
whitehouse.gov,whitehouse.gov,Government,High,third-party,llm_agreement
mihoniti.com,mihoniti.com,Media,Mid,third-party,llm_agreement
mikishinjiro.com,mikishinjiro.com,Owned,Low,third-party,llm_agreement
military.com,military.com,Media,Mid,third-party,llm_agreement
militaryfamily.org,militaryfamily.org,Non-media-industry,Mid,third-party,llm_agreement
militarytimes.com,militarytimes.com,Media,Mid,third-party,llm_agreement
millercenter.org,millercenter.org,Academia,High,third-party,llm_agreement
minkabu.jp,minkabu.jp,,Mid,third-party,human
jimin-douren.co.jp,jimin-douren.co.jp,Party,Primary,primary,llm_agreement
jimin-iwate.gr.jp,jimin-iwate.gr.jp,Party,Primary,primary,llm_agreement
jimin-miyagi.or.jp,jimin-miyagi.or.jp,Party,Primary,primary,llm_agreement
jimin-nagano.jp,jimin-nagano.jp,Party,Primary,primary,llm_agreement
jimin-saitama.net,jimin-saitama.net,Party,Primary,primary,llm_agreement
jimin-sendai.com,jimin-sendai.com,Party,Primary,primary,llm_agreement
jimin-shiga.jp,jimin-shiga.jp,Party,Primary,primary,llm_agreement
britannica.com,britannica.com,,Mid,third-party,human
broadbandbreakfast.com,broadbandbreakfast.com,Media,Mid,third-party,llm_agreement
broadbandsearch.net,broadbandsearch.net,Non-media-industry,Mid,third-party,llm_agreement
brookings.edu,brookings.edu,Non-media-industry,Mid,third-party,llm_agreement
browarddemocrats.org,browarddemocrats.org,Party,Primary,primary,llm_agreement
brown.edu,brown.edu,Academia,High,third-party,llm_agreement
bruegel.org,bruegel.org,Non-media-industry,Mid,third-party,llm_agreement
denryoku-gas.jp,denryoku-gas.jp,Non-media-industry,Mid,third-party,llm_agreement
dentons.com,dentons.com,Non-media-industry,Mid,third-party,llm_agreement
denverdemocrats.org,denverdemocrats.org,Party,Primary,primary,llm_agreement
detroitnews.com,detroitnews.com,Media,Mid,third-party,llm_agreement
dfer.org,dfer.org,Non-media-industry,Mid,third-party,llm_agreement
dfwworld.org,dfwworld.org,Non-media-industry,Mid,third-party,llm_agreement
dhs.gov,dhs.gov,Government,High,third-party,llm_agreement
thecentersquare.com,thecentersquare.com,Media,Mid,third-party,llm_agreement
thecgo.org,thecgo.org,Academia,High,third-party,llm_agreement
theclassroom.com,theclassroom.com,,Mid,third-party,human
theclimatecenter.org,theclimatecenter.org,Non-media-industry,Mid,third-party,llm_agreement
theconversation.com,theconversation.com,,Mid,third-party,human
thedailybeast.com,thedailybeast.com,Media,Mid,third-party,llm_agreement
thedavidsonian.news,thedavidsonian.news,,Mid,third-party,human
pewresearch.org,pewresearch.org,,Mid,third-party,human
pgim.com,pgim.com,Non-media-industry,Mid,third-party,llm_agreement
pgpf.org,pgpf.org,Non-media-industry,Mid,third-party,llm_agreement
phenomenalworld.org,phenomenalworld.org,,Mid,third-party,human
philarchive.org,philarchive.org,Academia,High,third-party,llm_agreement
php.co.jp,php.co.jp,Non-media-industry,Mid,third-party,llm_agreement
pidgeon.ie,pidgeon.ie,Owned,Low,third-party,llm_agreement
kumin.news,kumin.news,,Mid,third-party,human
kuro1.jp,kuro1.jp,,Mid,third-party,human
kurochan-papa.com,kurochan-papa.com,Owned,Low,third-party,llm_agreement
kuzyofire.com,kuzyofire.com,Owned,Low,third-party,llm_agreement
kyivindependent.com,kyivindependent.com,Media,Mid,third-party,llm_agreement
kyobun.co.jp,kyobun.co.jp,,Mid,third-party,human
kyoiku-press.com,kyoiku-press.com,Media,Mid,third-party,llm_agreement
algop.org,algop.org,Party,Primary,primary,llm_agreement
aljazeera.com,aljazeera.com,Media,Mid,third-party,llm_agreement
all-senmonka.jp,all-senmonka.jp,Non-media-industry,Mid,third-party,llm_agreement
alterna.co.jp,alterna.co.jp,Media,Mid,third-party,llm_agreement
alzheimer.or.jp,alzheimer.or.jp,Non-media-industry,Mid,third-party,llm_agreement
am-one.co.jp,am-one.co.jp,Non-media-industry,Mid,third-party,llm_agreement
amanuma-hiroshi.com,amanuma-hiroshi.com,,Mid,third-party,human
enegaeru.com,enegaeru.com,Non-media-industry,Mid,third-party,llm_agreement
energy.gov,energy.gov,Government,High,third-party,llm_agreement
enr.com,enr.com,Media,Mid,third-party,llm_agreement
env.go.jp,env.go.jp,Government,High,third-party,llm_agreement
eonet.ne.jp,eonet.ne.jp,Non-media-industry,Mid,third-party,llm_agreement
epa.gov,epa.gov,Government,High,third-party,llm_agreement
epi.org,epi.org,Non-media-industry,Mid,third-party,llm_agreement
thedefensenews.com,thedefensenews.com,Media,Mid,third-party,llm_agreement
thediplomat.com,thediplomat.com,Media,Mid,third-party,llm_agreement
thedispatch.com,thedispatch.com,Media,Mid,third-party,llm_agreement
theeducatoronline.com,theeducatoronline.com,Media,Mid,third-party,llm_agreement
theeuclidobserver.com,theeuclidobserver.com,Media,Mid,third-party,llm_agreement
thefiscaltimes.com,thefiscaltimes.com,Media,Mid,third-party,llm_agreement
thefulcrum.us,thefulcrum.us,Media,Mid,third-party,llm_agreement
techliberation.com,techliberation.com,,Mid,third-party,human
techpolicy.press,techpolicy.press,Media,Mid,third-party,llm_agreement
techtarget.com,techtarget.com,,Mid,third-party,human
telemail.jp,telemail.jp,Non-media-industry,Mid,third-party,llm_agreement
tennohatakenimihanarunoka.com,tennohatakenimihanarunoka.com,Owned,Low,third-party,llm_agreement
tepco.co.jp,tepco.co.jp,Non-media-industry,Mid,third-party,llm_agreement
texasgop.org,texasgop.org,Party,Primary,primary,llm_agreement
ato4nen.com,ato4nen.com,,Mid,third-party,human
atr.org,atr.org,Non-media-industry,Mid,third-party,llm_agreement
attorneygenerallynnfitch.com,attorneygenerallynnfitch.com,Government,High,third-party,llm_agreement
avn.com,avn.com,Media,Mid,third-party,llm_agreement
awaisora.com,awaisora.com,Owned,Low,third-party,llm_agreement
axios.com,axios.com,Media,Mid,third-party,llm_agreement
azpbs.org,azpbs.org,Media,Mid,third-party,llm_agreement
democracyforward.org,democracyforward.org,Non-media-industry,Mid,third-party,llm_agreement
democracyinaction.us,democracyinaction.us,Owned,Low,third-party,llm_agreement
democracyjournal.org,democracyjournal.org,Media,Mid,third-party,llm_agreement
democratauthority.com,democratauthority.com,,Mid,third-party,human
democrats.org,democrats.org,Party,Primary,primary,llm_agreement
democratsabroad.org,democratsabroad.org,Party,Primary,primary,llm_agreement
dems.ag,dems.ag,,Mid,third-party,human
ji-fund.com,ji-fund.com,Non-media-industry,Mid,third-party,llm_agreement
jiam.jp,jiam.jp,Academia,High,third-party,llm_agreement
jica.go.jp,jica.go.jp,Government,High,third-party,llm_agreement
jice.or.jp,jice.or.jp,Non-media-industry,Mid,third-party,llm_agreement
jichiken.jp,jichiken.jp,Academia,High,third-party,llm_agreement
jichiro.gr.jp,jichiro.gr.jp,Non-media-industry,Mid,third-party,llm_agreement
jichitai.works,jichitai.works,,Mid,third-party,human
franksdgs.com,franksdgs.com,,Mid,third-party,human
frc.org,frc.org,Non-media-industry,Mid,third-party,llm_agreement
freee.co.jp,freee.co.jp,Non-media-industry,Mid,third-party,llm_agreement
freerepublic.com,freerepublic.com,Platform,Low,third-party,llm_agreement
freethepeople.org,freethepeople.org,Non-media-industry,Mid,third-party,llm_agreement
freezenet.ca,freezenet.ca,,Mid,third-party,human
freopp.org,freopp.org,Non-media-industry,Mid,third-party,llm_agreement
cepa.org,cepa.org,Non-media-industry,Mid,third-party,llm_agreement
cepr.net,cepr.net,Non-media-industry,Mid,third-party,llm_agreement
cfa.go.jp,cfa.go.jp,Government,High,third-party,llm_agreement
cfr.org,cfr.org,Non-media-industry,Mid,third-party,llm_agreement
chalkbeat.org,chalkbeat.org,Media,Mid,third-party,llm_agreement
cheryldavidlaw.com,cheryldavidlaw.com,,Mid,third-party,human
chester-tax.com,chester-tax.com,Non-media-industry,Mid,third-party,llm_agreement
diamond.jp,diamond.jp,Media,Mid,third-party,llm_agreement
digestiblenotes.com,digestiblenotes.com,Owned,Low,third-party,llm_agreement
digital-construction.jp,digital-construction.jp,,Mid,third-party,human
digital-supporter.net,digital-supporter.net,,Mid,third-party,human
digital.go.jp,digital.go.jp,Government,High,third-party,llm_agreement
digitalpolicyforum.jp,digitalpolicyforum.jp,Non-media-industry,Mid,third-party,llm_agreement
dir.co.jp,dir.co.jp,Non-media-industry,Mid,third-party,llm_agreement
scclp.org,scclp.org,Party,Primary,primary,llm_agreement
scholars.org,scholars.org,Academia,High,third-party,llm_agreement
scholasticahq.com,scholasticahq.com,,Mid,third-party,human
sci-news.co.jp,sci-news.co.jp,Media,Mid,third-party,llm_agreement
sciencedirect.com,sciencedirect.com,Academia,High,third-party,llm_agreement
scientificamerican.com,scientificamerican.com,Media,Mid,third-party,llm_agreement
scmp.com,scmp.com,Media,Mid,third-party,llm_agreement
ncblpc.org,ncblpc.org,,Mid,third-party,human
ncctv.co.jp,ncctv.co.jp,,Mid,third-party,human
ncgreenparty.org,ncgreenparty.org,Party,Primary,primary,llm_agreement
ncsbe.gov,ncsbe.gov,Government,High,third-party,llm_agreement
ncta.com,ncta.com,Non-media-industry,Mid,third-party,llm_agreement
nctr.org,nctr.org,Non-media-industry,Mid,third-party,llm_agreement
ndl.go.jp,ndl.go.jp,Government,High,third-party,llm_agreement
jiho.jp,jiho.jp,Media,Mid,third-party,llm_agreement
jiia.or.jp,jiia.or.jp,,Mid,third-party,human
jiji.com,jiji.com,,Mid,third-party,human
jil.go.jp,jil.go.jp,Government,High,third-party,llm_agreement
jillstein2024.com,jillstein2024.com,,Mid,third-party,human
jimdofree.com,jimdofree.com,Platform,Low,third-party,llm_agreement
jimin-akita.jp,jimin-akita.jp,Party,Primary,primary,llm_agreement
cbh.com,cbh.com,Non-media-industry,Mid,third-party,llm_agreement
cbpp.org,cbpp.org,Non-media-industry,Mid,third-party,llm_agreement
cbsnews.com,cbsnews.com,Media,Mid,third-party,llm_agreement
ccnejapan.com,ccnejapan.com,Non-media-industry,Mid,third-party,llm_agreement
cdp-japan.jp,cdp-japan.jp,Party,Primary,primary,llm_agreement
ceeol.com,ceeol.com,Academia,High,third-party,llm_agreement
cehub.jp,cehub.jp,Media,Mid,third-party,llm_agreement
texaspolicyresearch.com,texaspolicyresearch.com,Non-media-industry,Mid,third-party,llm_agreement
texastribune.org,texastribune.org,Media,Mid,third-party,llm_agreement
the-issues.jp,the-issues.jp,,Mid,third-party,human
the-liberty.com,the-liberty.com,Media,Mid,third-party,llm_agreement
the-republican-reversal.com,the-republican-reversal.com,,Mid,third-party,human
theadvocates.org,theadvocates.org,Non-media-industry,Mid,third-party,llm_agreement
thebalancemoney.com,thebalancemoney.com,Media,Mid,third-party,llm_agreement
jcptogidan.gr.jp,jcptogidan.gr.jp,Party,Primary,primary,llm_agreement
jcpweb.jp,jcpweb.jp,Party,Primary,primary,llm_agreement
jcpweb.net,jcpweb.net,Party,Primary,primary,llm_agreement
jeelani-law.com,jeelani-law.com,Non-media-industry,Mid,third-party,llm_agreement
jema-net.or.jp,jema-net.or.jp,Non-media-industry,Mid,third-party,llm_agreement
jenner.com,jenner.com,Non-media-industry,Mid,third-party,llm_agreement
jeri.or.jp,jeri.or.jp,,Mid,third-party,human
scribd.com,scribd.com,Platform,Low,third-party,llm_agreement
sdgindex.org,sdgindex.org,Academia,High,third-party,llm_agreement
sdgop.com,sdgop.com,Party,Primary,primary,llm_agreement
sdp.or.jp,sdp.or.jp,Party,Primary,primary,llm_agreement
seidanren.jp,seidanren.jp,Non-media-industry,Mid,third-party,llm_agreement
seijiyama.jp,seijiyama.jp,,Mid,third-party,human
seikatsuclub.coop,seikatsuclub.coop,Non-media-industry,Mid,third-party,llm_agreement
fumiaki-kobayashi.jp,fumiaki-kobayashi.jp,Owned,Low,third-party,llm_agreement
fumitakefujita.com,fumitakefujita.com,Owned,Low,third-party,llm_agreement
fusionaier.org,fusionaier.org,,Mid,third-party,human
future-ed.org,future-ed.org,,Mid,third-party,human
fx-d.jp,fx-d.jp,,Mid,third-party,human
fzcoltd.com,fzcoltd.com,Non-media-industry,Mid,third-party,llm_agreement
gaconstitutionparty.org,gaconstitutionparty.org,Party,Primary,primary,llm_agreement
libertarian.center,libertarian.center,,Mid,third-party,human
libertarianinstitute.org,libertarianinstitute.org,Non-media-industry,Mid,third-party,llm_agreement
libertarianism.org,libertarianism.org,Non-media-industry,Mid,third-party,llm_agreement
libertarianlite.com,libertarianlite.com,Owned,Low,third-party,llm_agreement
libertarianutah.org,libertarianutah.org,Party,Primary,primary,llm_agreement
libguides.com,libguides.com,Platform,Low,third-party,llm_agreement
libraries2025.org,libraries2025.org,Non-media-industry,Mid,third-party,llm_agreement
asiatimes.com,asiatimes.com,Media,Mid,third-party,llm_agreement
askaia.ca,askaia.ca,Non-media-industry,Mid,third-party,llm_agreement
asuene.com,asuene.com,Non-media-industry,Mid,third-party,llm_agreement
asukashinsha.co.jp,asukashinsha.co.jp,Non-media-industry,Mid,third-party,llm_agreement
atlanticcouncil.org,atlanticcouncil.org,Non-media-industry,Mid,third-party,llm_agreement
atlantis-press.com,atlantis-press.com,Academia,High,third-party,llm_agreement
atlasinstitute.org,atlasinstitute.org,Non-media-industry,Mid,third-party,llm_agreement
lpo.org,lpo.org,,Mid,third-party,human
lpradicalcaucus.org,lpradicalcaucus.org,Party,Primary,primary,llm_agreement
lptexas.org,lptexas.org,Party,Primary,primary,llm_agreement
luc.edu,luc.edu,Academia,High,third-party,llm_agreement
luminafoundation.org,luminafoundation.org,Non-media-industry,Mid,third-party,llm_agreement
m3.com,m3.com,Non-media-industry,Mid,third-party,llm_agreement
maff.go.jp,maff.go.jp,Government,High,third-party,llm_agreement
thegospelcoalition.org,thegospelcoalition.org,Non-media-industry,Mid,third-party,llm_agreement
theguardian.com,theguardian.com,Media,Mid,third-party,llm_agreement
theharvardpoliticalreview.com,theharvardpoliticalreview.com,Academia,High,third-party,llm_agreement
thehill.com,thehill.com,Media,Mid,third-party,llm_agreement
theintercept.com,theintercept.com,Media,Mid,third-party,llm_agreement
theletter.jp,theletter.jp,,Mid,third-party,human
thelibertarianrepublic.com,thelibertarianrepublic.com,,Mid,third-party,human
jitco.or.jp,jitco.or.jp,Non-media-industry,Mid,third-party,llm_agreement
jkri.or.jp,jkri.or.jp,,Mid,third-party,human
jlaf.jp,jlaf.jp,Non-media-industry,Mid,third-party,llm_agreement
jmedj.co.jp,jmedj.co.jp,Media,Mid,third-party,llm_agreement
jnpc.or.jp,jnpc.or.jp,Non-media-industry,Mid,third-party,llm_agreement
joetsu-minsyo.com,joetsu-minsyo.com,Non-media-industry,Mid,third-party,llm_agreement
joint-kaigo.com,joint-kaigo.com,,Mid,third-party,human
lpedia.org,lpedia.org,,Mid,third-party,human
lpf.org,lpf.org,,Mid,third-party,human
lpfw.org,lpfw.org,Non-media-industry,Mid,third-party,llm_agreement
lpin.org,lpin.org,Party,Primary,primary,llm_agreement
lpnc.org,lpnc.org,Party,Primary,primary,llm_agreement
lpnh.org,lpnh.org,Party,Primary,primary,llm_agreement
lpny.org,lpny.org,Party,Primary,primary,llm_agreement
billofrightsinstitute.org,billofrightsinstitute.org,Non-media-industry,Mid,third-party,llm_agreement
bipartisanpolicy.org,bipartisanpolicy.org,Non-media-industry,Mid,third-party,llm_agreement
biv.com,biv.com,Media,Mid,third-party,llm_agreement
bjp.org,bjp.org,Party,Primary,primary,llm_agreement
bleedingheartlibertarians.com,bleedingheartlibertarians.com,Owned,Low,third-party,llm_agreement
blickrothenberg.com,blickrothenberg.com,Non-media-industry,Mid,third-party,llm_agreement
bll.gr.jp,bll.gr.jp,Non-media-industry,Mid,third-party,llm_agreement
plan-international.jp,plan-international.jp,Non-media-industry,Mid,third-party,llm_agreement
planetforward.org,planetforward.org,,Mid,third-party,human
pluralpolicy.com,pluralpolicy.com,Non-media-industry,Mid,third-party,llm_agreement
pnhp.org,pnhp.org,Non-media-industry,Mid,third-party,llm_agreement
policynews.jp,policynews.jp,Media,Mid,third-party,llm_agreement
political.org,political.org,,Mid,third-party,human
politicallyunbound.com,politicallyunbound.com,Owned,Low,third-party,llm_agreement
ponyodaze.com,ponyodaze.com,Owned,Low,third-party,llm_agreement
portal-worlds.com,portal-worlds.com,,Mid,third-party,human
positivemoney.org,positivemoney.org,Non-media-industry,Mid,third-party,llm_agreement
ppc.go.jp,ppc.go.jp,Government,High,third-party,llm_agreement
pps-net.org,pps-net.org,,Mid,third-party,human
prdems.org,prdems.org,Party,Primary,primary,llm_agreement
president.jp,president.jp,Media,Mid,third-party,llm_agreement
newamerica.org,newamerica.org,Non-media-industry,Mid,third-party,llm_agreement
newrepublic.com,newrepublic.com,Media,Mid,third-party,llm_agreement
news.cn,news.cn,,Mid,third-party,human
newsfromthestates.com,newsfromthestates.com,Media,Mid,third-party,llm_agreement
newsmediaalliance.org,newsmediaalliance.org,Non-media-industry,Mid,third-party,llm_agreement
newsnationnow.com,newsnationnow.com,Media,Mid,third-party,llm_agreement
newspicks.com,newspicks.com,Platform,Low,third-party,llm_agreement
jimin-shimane.jp,jimin-shimane.jp,Party,Primary,primary,llm_agreement
jimin-yamaguchi.com,jimin-yamaguchi.com,Party,Primary,primary,llm_agreement
jimin.jp,jimin.jp,Party,Primary,primary,llm_agreement
jiminsapporo.jp,jiminsapporo.jp,Party,Primary,primary,llm_agreement
jinmira.com,jinmira.com,,Mid,third-party,human
jipdec.or.jp,jipdec.or.jp,Non-media-industry,Mid,third-party,llm_agreement
jissui.or.jp,jissui.or.jp,Non-media-industry,Mid,third-party,llm_agreement
conservamerica.org,conservamerica.org,Non-media-industry,Mid,third-party,llm_agreement
constitutionparty.com,constitutionparty.com,Party,Primary,primary,llm_agreement
constitutionpartyfl.com,constitutionpartyfl.com,Party,Primary,primary,llm_agreement
constitutionpartyil.com,constitutionpartyil.com,Party,Primary,primary,llm_agreement
constitutionpartymo.org,constitutionpartymo.org,Party,Primary,primary,llm_agreement
constitutionpartync.com,constitutionpartync.com,Party,Primary,primary,llm_agreement
constitutionpartyofutah.com,constitutionpartyofutah.com,Party,Primary,primary,llm_agreement
ibaben.or.jp,ibaben.or.jp,Non-media-industry,Mid,third-party,llm_agreement
ibaraki-jimin.jp,ibaraki-jimin.jp,Party,Primary,primary,llm_agreement
icaew.com,icaew.com,Non-media-industry,Mid,third-party,llm_agreement
icf.com,icf.com,Non-media-industry,Mid,third-party,llm_agreement
icom-giken.com,icom-giken.com,Non-media-industry,Mid,third-party,llm_agreement
idahocp.com,idahocp.com,,Mid,third-party,human
idahodems.org,idahodems.org,Party,Primary,primary,llm_agreement
doe.gov,doe.gov,Government,High,third-party,llm_agreement
doi.gov,doi.gov,Government,High,third-party,llm_agreement
donaldjtrump.com,donaldjtrump.com,Owned,Low,third-party,llm_agreement
donga.com,donga.com,Media,Mid,third-party,llm_agreement
dot.gov,dot.gov,Government,High,third-party,llm_agreement
dotvote.vote,dotvote.vote,Platform,Low,third-party,llm_agreement
douyukai.or.jp,douyukai.or.jp,Non-media-industry,Mid,third-party,llm_agreement
politicalsciencenow.com,politicalsciencenow.com,,Mid,third-party,human
politicalscienceview.com,politicalscienceview.com,,Mid,third-party,human
politician.cafe,politician.cafe,,Mid,third-party,human
politico.com,politico.com,Media,Mid,third-party,llm_agreement
politifact.com,politifact.com,Media,Mid,third-party,llm_agreement
polsci.institute,polsci.institute,Academia,High,third-party,llm_agreement
ponta.jp,ponta.jp,Non-media-industry,Mid,third-party,llm_agreement
frm-journal.jp,frm-journal.jp,,Mid,third-party,human
frontiersin.org,frontiersin.org,Academia,High,third-party,llm_agreement
fsa.go.jp,fsa.go.jp,Government,High,third-party,llm_agreement
fukui.lg.jp,fukui.lg.jp,Government,High,third-party,llm_agreement
fukuishimbun.co.jp,fukuishimbun.co.jp,Media,Mid,third-party,llm_agreement
fukurou.win,fukurou.win,Owned,Low,third-party,llm_agreement
fukushima-sanseito.jp,fukushima-sanseito.jp,Party,Primary,primary,llm_agreement
ilgp.org,ilgp.org,Party,Primary,primary,llm_agreement
imadr.net,imadr.net,Non-media-industry,Mid,third-party,llm_agreement
imeadvisors.com,imeadvisors.com,Non-media-industry,Mid,third-party,llm_agreement
imf.org,imf.org,,Mid,third-party,human
imidas.jp,imidas.jp,Media,Mid,third-party,llm_agreement
imm.or.jp,imm.or.jp,Non-media-industry,Mid,third-party,llm_agreement
inc.com,inc.com,Media,Mid,third-party,llm_agreement
incident-wo.com,incident-wo.com,Owned,Low,third-party,llm_agreement
independent.org,independent.org,Non-media-industry,Mid,third-party,llm_agreement
independentpoliticalreport.com,independentpoliticalreport.com,Media,Mid,third-party,llm_agreement
indianewengland.com,indianewengland.com,Media,Mid,third-party,llm_agreement
inequality.org,inequality.org,Non-media-industry,Mid,third-party,llm_agreement
influencewatch.org,influencewatch.org,Non-media-industry,Mid,third-party,llm_agreement
infomigrants.net,infomigrants.net,Media,Mid,third-party,llm_agreement
wajcp.net,wajcp.net,,Mid,third-party,human
wakegop.org,wakegop.org,Party,Primary,primary,llm_agreement
wam.go.jp,wam.go.jp,Government,High,third-party,llm_agreement
war.gov,war.gov,Government,High,third-party,llm_agreement
warpreventioninitiative.org,warpreventioninitiative.org,Non-media-industry,Mid,third-party,llm_agreement
waseda-idi.jp,waseda-idi.jp,Academia,High,third-party,llm_agreement
washingtonblade.com,washingtonblade.com,Media,Mid,third-party,llm_agreement
wisbusiness.com,wisbusiness.com,Media,Mid,third-party,llm_agreement
wisc.edu,wisc.edu,Academia,High,third-party,llm_agreement
wisconsingreenparty.org,wisconsingreenparty.org,Party,Primary,primary,llm_agreement
wise-pds.jp,wise-pds.jp,Non-media-industry,Mid,third-party,llm_agreement
wisgop.org,wisgop.org,Party,Primary,primary,llm_agreement
withnews.jp,withnews.jp,Media,Mid,third-party,llm_agreement
wola.org,wola.org,Non-media-industry,Mid,third-party,llm_agreement
theregreview.org,theregreview.org,Academia,High,third-party,llm_agreement
therightinsight.org,therightinsight.org,,Mid,third-party,human
thesocialcontract.com,thesocialcontract.com,,Mid,third-party,human
thestreet.com,thestreet.com,Media,Mid,third-party,llm_agreement
thetab.com,thetab.com,Media,Mid,third-party,llm_agreement
theusconstitution.org,theusconstitution.org,Non-media-industry,Mid,third-party,llm_agreement
theverge.com,theverge.com,Media,Mid,third-party,llm_agreement
logicallibertarian.com,logicallibertarian.com,Owned,Low,third-party,llm_agreement
logmi.jp,logmi.jp,Media,Mid,third-party,llm_agreement
lopezforthepeople.com,lopezforthepeople.com,Owned,Low,third-party,llm_agreement
loupedin.blog,loupedin.blog,Non-media-industry,Mid,third-party,llm_agreement
lp.org,lp.org,Party,Primary,primary,llm_agreement
lpar.org,lpar.org,Party,Primary,primary,llm_agreement
lpclc.org,lpclc.org,Non-media-industry,Mid,third-party,llm_agreement
iwanami.co.jp,iwanami.co.jp,Academia,High,third-party,llm_agreement
iwj.co.jp,iwj.co.jp,Media,Mid,third-party,llm_agreement
izumi-kenta.net,izumi-kenta.net,Owned,Low,third-party,llm_agreement
jacobin.com,jacobin.com,Media,Mid,third-party,llm_agreement
jacom.or.jp,jacom.or.jp,,Mid,third-party,human
jacses.org,jacses.org,Non-media-industry,Mid,third-party,llm_agreement
jaero.or.jp,jaero.or.jp,Non-media-industry,Mid,third-party,llm_agreement
gaikokujin-press.com,gaikokujin-press.com,Media,Mid,third-party,llm_agreement
gakujo.ne.jp,gakujo.ne.jp,Non-media-industry,Mid,third-party,llm_agreement
gallup.com,gallup.com,Non-media-industry,Mid,third-party,llm_agreement
gbnews.com,gbnews.com,Media,Mid,third-party,llm_agreement
gelliottmorris.com,gelliottmorris.com,Owned,Low,third-party,llm_agreement
geminigr.com,geminigr.com,Non-media-industry,Mid,third-party,llm_agreement
gendai.media,gendai.media,Media,Mid,third-party,llm_agreement
bcgreens.ca,bcgreens.ca,Party,Primary,primary,llm_agreement
beginnerswelcome.net,beginnerswelcome.net,Owned,Low,third-party,llm_agreement
beinglibertarian.com,beinglibertarian.com,,Mid,third-party,human
bellwether.org,bellwether.org,Non-media-industry,Mid,third-party,llm_agreement
benesse.jp,benesse.jp,Non-media-industry,Mid,third-party,llm_agreement
bengo4.com,bengo4.com,,Mid,third-party,human
benton.org,benton.org,Non-media-industry,Mid,third-party,llm_agreement
womblebonddickinson.com,womblebonddickinson.com,Non-media-industry,Mid,third-party,llm_agreement
workforcebulletin.com,workforcebulletin.com,Non-media-industry,Mid,third-party,llm_agreement
workingimmigrants.com,workingimmigrants.com,Owned,Low,third-party,llm_agreement
workrightscentre.org,workrightscentre.org,Non-media-industry,Mid,third-party,llm_agreement
works-hi.co.jp,works-hi.co.jp,Non-media-industry,Mid,third-party,llm_agreement
world-economic-review.jp,world-economic-review.jp,,Mid,third-party,human
worldjournal.com,worldjournal.com,Media,Mid,third-party,llm_agreement
newstatesman.com,newstatesman.com,Media,Mid,third-party,llm_agreement
newsweek.com,newsweek.com,Media,Mid,third-party,llm_agreement
newsweekjapan.jp,newsweekjapan.jp,Media,Mid,third-party,llm_agreement
newyorker.com,newyorker.com,Media,Mid,third-party,llm_agreement
nextgov.com,nextgov.com,Media,Mid,third-party,llm_agreement
nga.gr.jp,nga.gr.jp,,Mid,third-party,human
ngj.jp,ngj.jp,Non-media-industry,Mid,third-party,llm_agreement
dividedwefall.org,dividedwefall.org,Media,Mid,third-party,llm_agreement
dlri.co.jp,dlri.co.jp,,Mid,third-party,human
dncclimate.org,dncclimate.org,Party,Primary,primary,llm_agreement
dncsmallbiz.com,dncsmallbiz.com,Party,Primary,primary,llm_agreement
doc-net.or.jp,doc-net.or.jp,Non-media-industry,Mid,third-party,llm_agreement
docomo.ne.jp,docomo.ne.jp,Non-media-industry,Mid,third-party,llm_agreement
documentcloud.org,documentcloud.org,Platform,Low,third-party,llm_agreement
doyukai.or.jp,doyukai.or.jp,Non-media-industry,Mid,third-party,llm_agreement
dp-shiga.jp,dp-shiga.jp,Party,Primary,primary,llm_agreement
dpfp-db.com,dpfp-db.com,Party,Primary,primary,llm_agreement
dpfp-oita.com,dpfp-oita.com,Party,Primary,primary,llm_agreement
dpfp.or.jp,dpfp.or.jp,Party,Primary,primary,llm_agreement
dpfphyogo.jp,dpfphyogo.jp,Party,Primary,primary,llm_agreement
dpo.org,dpo.org,Party,Primary,primary,llm_agreement
cityandstateny.com,cityandstateny.com,Media,Mid,third-party,llm_agreement
clair.or.jp,clair.or.jp,,Mid,third-party,human
clark.ed.jp,clark.ed.jp,Academia,High,third-party,llm_agreement
clcouncil.org,clcouncil.org,Non-media-industry,Mid,third-party,llm_agreement
clerycenter.org,clerycenter.org,Non-media-industry,Mid,third-party,llm_agreement
clf.org,clf.org,Non-media-industry,Mid,third-party,llm_agreement
climateoutreach.org,climateoutreach.org,Non-media-industry,Mid,third-party,llm_agreement
jointcenter.org,jointcenter.org,Non-media-industry,Mid,third-party,llm_agreement
jp-home.com,jp-home.com,Non-media-industry,Mid,third-party,llm_agreement
jpchinapress.com,jpchinapress.com,Media,Mid,third-party,llm_agreement
jpn.com,jpn.com,Non-media-industry,Mid,third-party,llm_agreement
jpn.org,jpn.org,,Mid,third-party,human
jri.co.jp,jri.co.jp,Non-media-industry,Mid,third-party,llm_agreement
jsa.gr.jp,jsa.gr.jp,,Mid,third-party,human
presidentialprayerteam.org,presidentialprayerteam.org,Non-media-industry,Mid,third-party,llm_agreement
pressdemocrat.com,pressdemocrat.com,Media,Mid,third-party,llm_agreement
prezi.com,prezi.com,Platform,Low,third-party,llm_agreement
profession-net.com,profession-net.com,,Mid,third-party,human
professionalpensions.com,professionalpensions.com,Media,Mid,third-party,llm_agreement
progresschamber.org,progresschamber.org,Non-media-industry,Mid,third-party,llm_agreement
progressive.org,progressive.org,Media,Mid,third-party,llm_agreement
jsda.or.jp,jsda.or.jp,Non-media-industry,Mid,third-party,llm_agreement
jsonline.com,jsonline.com,Media,Mid,third-party,llm_agreement
jssw.jp,jssw.jp,Academia,High,third-party,llm_agreement
jst.go.jp,jst.go.jp,Government,High,third-party,llm_agreement
jstor.org,jstor.org,Academia,High,third-party,llm_agreement
jtu-net.or.jp,jtu-net.or.jp,Non-media-industry,Mid,third-party,llm_agreement
jtuc-rengo.or.jp,jtuc-rengo.or.jp,Non-media-industry,Mid,third-party,llm_agreement
worldjpn.net,worldjpn.net,,Mid,third-party,human
worldpopulationreview.com,worldpopulationreview.com,,Mid,third-party,human
worldtimes.co.jp,worldtimes.co.jp,,Mid,third-party,human
worldtradelaw.net,worldtradelaw.net,,Mid,third-party,human
worldvision.jp,worldvision.jp,Non-media-industry,Mid,third-party,llm_agreement
wsws.org,wsws.org,,Mid,third-party,human
wwf.or.jp,wwf.or.jp,Non-media-industry,Mid,third-party,llm_agreement
dsausa.org,dsausa.org,,Mid,third-party,human
dsei-japan.com,dsei-japan.com,Non-media-industry,Mid,third-party,llm_agreement
dukechronicle.com,dukechronicle.com,Media,Mid,third-party,llm_agreement
durangoherald.com,durangoherald.com,Media,Mid,third-party,llm_agreement
dylj.or.jp,dylj.or.jp,,Mid,third-party,human
e-gov.go.jp,e-gov.go.jp,Government,High,third-party,llm_agreement
earth-ism.jp,earth-ism.jp,,Mid,third-party,human
progressivepolicy.org,progressivepolicy.org,Non-media-industry,Mid,third-party,llm_agreement
project-syndicate.org,project-syndicate.org,Media,Mid,third-party,llm_agreement
projectunderstanding.org,projectunderstanding.org,Non-media-industry,Mid,third-party,llm_agreement
promarket.org,promarket.org,Academia,High,third-party,llm_agreement
propublica.org,propublica.org,Media,Mid,third-party,llm_agreement
prospect.org,prospect.org,Media,Mid,third-party,llm_agreement
prosperousamerica.org,prosperousamerica.org,Non-media-industry,Mid,third-party,llm_agreement
foreignanalysis.com,foreignanalysis.com,Media,Mid,third-party,llm_agreement
foreignpolicy.com,foreignpolicy.com,Media,Mid,third-party,llm_agreement
forrester.com,forrester.com,Non-media-industry,Mid,third-party,llm_agreement
fortune.com,fortune.com,Media,Mid,third-party,llm_agreement
forumtogether.org,forumtogether.org,Non-media-industry,Mid,third-party,llm_agreement
forvismazars.us,forvismazars.us,Non-media-industry,Mid,third-party,llm_agreement
forwardpathway.us,forwardpathway.us,Non-media-industry,Mid,third-party,llm_agreement
earth.org,earth.org,Media,Mid,third-party,llm_agreement
earthjustice.org,earthjustice.org,Non-media-industry,Mid,third-party,llm_agreement
eastasiaforum.org,eastasiaforum.org,Academia,High,third-party,llm_agreement
ebsco.com,ebsco.com,Non-media-industry,Mid,third-party,llm_agreement
ecfr.eu,ecfr.eu,Non-media-industry,Mid,third-party,llm_agreement
econedlink.org,econedlink.org,,Mid,third-party,human
econlib.org,econlib.org,,Mid,third-party,human
ngo-jvc.net,ngo-jvc.net,Non-media-industry,Mid,third-party,llm_agreement
nh.gop,nh.gop,Party,Primary,primary,llm_agreement
nhk.jp,nhk.jp,Media,Mid,third-party,llm_agreement
nhk.or.jp,nhk.or.jp,Media,Mid,third-party,llm_agreement
nhpr.org,nhpr.org,Media,Mid,third-party,llm_agreement
nht.jp,nht.jp,Non-media-industry,Mid,third-party,llm_agreement
nichibenren.or.jp,nichibenren.or.jp,Non-media-industry,Mid,third-party,llm_agreement
chiba-jimin.jp,chiba-jimin.jp,Party,Primary,primary,llm_agreement
chiba-tv.com,chiba-tv.com,Media,Mid,third-party,llm_agreement
chiba.jp,chiba.jp,,Mid,third-party,human
chibanippo.co.jp,chibanippo.co.jp,Media,Mid,third-party,llm_agreement
chibashintoshi.or.jp,chibashintoshi.or.jp,Non-media-industry,Mid,third-party,llm_agreement
chiduko.gr.jp,chiduko.gr.jp,,Mid,third-party,human
chihei.net,chihei.net,,Mid,third-party,human
canadaspremiers.ca,canadaspremiers.ca,Government,High,third-party,llm_agreement
canpan.info,canpan.info,,Mid,third-party,human
cao.go.jp,cao.go.jp,Government,High,third-party,llm_agreement
captechu.edu,captechu.edu,Academia,High,third-party,llm_agreement
carbontax.org,carbontax.org,Non-media-industry,Mid,third-party,llm_agreement
care-mane.com,care-mane.com,Non-media-industry,Mid,third-party,llm_agreement
carnegieendowment.org,carnegieendowment.org,Non-media-industry,Mid,third-party,llm_agreement
iflr.com,iflr.com,Media,Mid,third-party,llm_agreement
ifvoc.org,ifvoc.org,Non-media-industry,Mid,third-party,llm_agreement
igrid.co.jp,igrid.co.jp,Non-media-industry,Mid,third-party,llm_agreement
ii-seiji.com,ii-seiji.com,,Mid,third-party,human
ikaros.jp,ikaros.jp,Media,Mid,third-party,llm_agreement
ikoinosato.com,ikoinosato.com,Non-media-industry,Mid,third-party,llm_agreement
ilcm.org,ilcm.org,Non-media-industry,Mid,third-party,llm_agreement
nebraskademocrats.org,nebraskademocrats.org,Party,Primary,primary,llm_agreement
netsecurity.ne.jp,netsecurity.ne.jp,,Mid,third-party,human
nevisrising.org,nevisrising.org,,Mid,third-party,human
new-kokumin-ibaraki.org,new-kokumin-ibaraki.org,Party,Primary,primary,llm_agreement
new-kokumin-nara.jp,new-kokumin-nara.jp,Party,Primary,primary,llm_agreement
new-kokumin.jp,new-kokumin.jp,Party,Primary,primary,llm_agreement
new-kokumin.tokyo,new-kokumin.tokyo,Party,Primary,primary,llm_agreement
mag2.com,mag2.com,Platform,Low,third-party,llm_agreement
maga9.jp,maga9.jp,Media,Mid,third-party,llm_agreement
mailmate.jp,mailmate.jp,Non-media-industry,Mid,third-party,llm_agreement
mainedems.org,mainedems.org,Party,Primary,primary,llm_agreement
mainichi.jp,mainichi.jp,Media,Mid,third-party,llm_agreement
mainichibooks.com,mainichibooks.com,,Mid,third-party,human
majorityleader.gov,majorityleader.gov,Government,High,third-party,llm_agreement
yahoo.co.jp,yahoo.co.jp,,Mid,third-party,human
yahoo.com,yahoo.com,,Mid,third-party,human
yale.edu,yale.edu,Academia,High,third-party,llm_agreement
yamada-partners.jp,yamada-partners.jp,Non-media-industry,Mid,third-party,llm_agreement
yamaguchikenben.or.jp,yamaguchikenben.or.jp,Non-media-industry,Mid,third-party,llm_agreement
yamamoto-tomohiro.com,yamamoto-tomohiro.com,Owned,Low,third-party,llm_agreement
yamamotokeisuke.jp,yamamotokeisuke.jp,Owned,Low,third-party,llm_agreement
instituteforglobalaffairs.org,instituteforglobalaffairs.org,Non-media-industry,Mid,third-party,llm_agreement
instituteofgeoeconomics.org,instituteofgeoeconomics.org,Non-media-industry,Mid,third-party,llm_agreement
institutmontaigne.org,institutmontaigne.org,Non-media-industry,Mid,third-party,llm_agreement
internationalbanker.com,internationalbanker.com,Media,Mid,third-party,llm_agreement
internationalviewpoint.org,internationalviewpoint.org,Media,Mid,third-party,llm_agreement
internewscast.com,internewscast.com,Media,Mid,third-party,llm_agreement
inthesetimes.com,inthesetimes.com,Media,Mid,third-party,llm_agreement
thewpwire.org,thewpwire.org,,Mid,third-party,human
thirdway.org,thirdway.org,Non-media-industry,Mid,third-party,llm_agreement
thomsonreuters.com,thomsonreuters.com,,Mid,third-party,human
thoughtco.com,thoughtco.com,,Mid,third-party,human
thsc.org,thsc.org,Non-media-industry,Mid,third-party,llm_agreement
time.com,time.com,Media,Mid,third-party,llm_agreement
timesofsandiego.com,timesofsandiego.com,Media,Mid,third-party,llm_agreement
nicovideo.jp,nicovideo.jp,Platform,Low,third-party,llm_agreement
nifty.com,nifty.com,,Mid,third-party,human
nih.gov,nih.gov,Government,High,third-party,llm_agreement
nii.ac.jp,nii.ac.jp,Academia,High,third-party,llm_agreement
niigata-nippo.co.jp,niigata-nippo.co.jp,Media,Mid,third-party,llm_agreement
niiza.org,niiza.org,Non-media-industry,Mid,third-party,llm_agreement
nikkansports.com,nikkansports.com,Media,Mid,third-party,llm_agreement
chukidan.jp,chukidan.jp,Non-media-industry,Mid,third-party,llm_agreement
chunichi.co.jp,chunichi.co.jp,Media,Mid,third-party,llm_agreement
chuokai.or.jp,chuokai.or.jp,Non-media-industry,Mid,third-party,llm_agreement
cigs.canon,cigs.canon,,Mid,third-party,human
cio.com,cio.com,Media,Mid,third-party,llm_agreement
cipenglishschool.com,cipenglishschool.com,Non-media-industry,Mid,third-party,llm_agreement
cis.org,cis.org,Non-media-industry,Mid,third-party,llm_agreement
giia.net,giia.net,Non-media-industry,Mid,third-party,llm_agreement
gisreportsonline.com,gisreportsonline.com,,Mid,third-party,human
global-counsel.com,global-counsel.com,Non-media-industry,Mid,third-party,llm_agreement
globalaffairs.org,globalaffairs.org,Non-media-industry,Mid,third-party,llm_agreement
globalamericans.org,globalamericans.org,Non-media-industry,Mid,third-party,llm_agreement
globalgreen.news,globalgreen.news,Media,Mid,third-party,llm_agreement
globalnews.ca,globalnews.ca,Media,Mid,third-party,llm_agreement
blog.jp,blog.jp,Platform,Low,third-party,llm_agreement
bloomberg.co.jp,bloomberg.co.jp,Media,Mid,third-party,llm_agreement
bloomberg.com,bloomberg.com,Media,Mid,third-party,llm_agreement
bluegreenalliance.org,bluegreenalliance.org,Non-media-industry,Mid,third-party,llm_agreement
boj.or.jp,boj.or.jp,Government,High,third-party,llm_agreement
boundless.com,boundless.com,Non-media-industry,Mid,third-party,llm_agreement
bpfj.jp,bpfj.jp,Non-media-industry,Mid,third-party,llm_agreement
edf.org,edf.org,Non-media-industry,Mid,third-party,llm_agreement
edsource.org,edsource.org,Media,Mid,third-party,llm_agreement
edu.au,edu.au,Academia,High,third-party,llm_agreement
edu.pl,edu.pl,Academia,High,third-party,llm_agreement
edu.sg,edu.sg,Academia,High,third-party,llm_agreement
educationnext.org,educationnext.org,,Mid,third-party,human
educationopportunitynetwork.org,educationopportunitynetwork.org,Non-media-industry,Mid,third-party,llm_agreement
infrastructurereportcard.org,infrastructurereportcard.org,Non-media-industry,Mid,third-party,llm_agreement
innovales.jp,innovales.jp,Non-media-industry,Mid,third-party,llm_agreement
insideclimatenews.org,insideclimatenews.org,Media,Mid,third-party,llm_agreement
insideenergyandenvironment.com,insideenergyandenvironment.com,,Mid,third-party,human
insidehighered.com,insidehighered.com,Media,Mid,third-party,llm_agreement
insidepoliticalscience.com,insidepoliticalscience.com,,Mid,third-party,human
instagram.com,instagram.com,Platform,Low,third-party,llm_agreement
gendainoriron.jp,gendainoriron.jp,,Mid,third-party,human
gender.go.jp,gender.go.jp,Government,High,third-party,llm_agreement
genron-npo.net,genron-npo.net,Non-media-industry,Mid,third-party,llm_agreement
genzeinippon.com,genzeinippon.com,Party,Primary,primary,llm_agreement
geoffreymhodgson.uk,geoffreymhodgson.uk,Owned,Low,third-party,llm_agreement
georgetown.edu,georgetown.edu,Academia,High,third-party,llm_agreement
gifuben.org,gifuben.org,Non-media-industry,Mid,third-party,llm_agreement
shinmai.co.jp,shinmai.co.jp,Media,Mid,third-party,llm_agreement
shinnpei.com,shinnpei.com,Owned,Low,third-party,llm_agreement
shobserver.com,shobserver.com,Media,Mid,third-party,llm_agreement
shonanjin.com,shonanjin.com,Media,Mid,third-party,llm_agreement
shoukasonjuku.com,shoukasonjuku.com,,Mid,third-party,human
shueisha.online,shueisha.online,,Mid,third-party,human
shugiin.go.jp,shugiin.go.jp,Government,High,third-party,llm_agreement
bracewell.com,bracewell.com,Non-media-industry,Mid,third-party,llm_agreement
brainly.com,brainly.com,Platform,Low,third-party,llm_agreement
brainpad.co.jp,brainpad.co.jp,Non-media-industry,Mid,third-party,llm_agreement
breakingdefense.com,breakingdefense.com,Media,Mid,third-party,llm_agreement
bright-green.org,bright-green.org,Media,Mid,third-party,llm_agreement
brightinnovation.jp,brightinnovation.jp,Non-media-industry,Mid,third-party,llm_agreement
brill.com,brill.com,Academia,High,third-party,llm_agreement
semafor.com,semafor.com,Media,Mid,third-party,llm_agreement
senate.gov,senate.gov,Government,High,third-party,llm_agreement
seniorsleague.org,seniorsleague.org,Non-media-industry,Mid,third-party,llm_agreement
senkyo-sokuhou.net,senkyo-sokuhou.net,Media,Mid,third-party,llm_agreement
sentry-magazine.com,sentry-magazine.com,,Mid,third-party,human
shii.gr.jp,shii.gr.jp,,Mid,third-party,human
shimizu-tadashi.jp,shimizu-tadashi.jp,Owned,Low,third-party,llm_agreement
globalsecurity.org,globalsecurity.org,Non-media-industry,Mid,third-party,llm_agreement
globaltimes.cn,globaltimes.cn,Media,Mid,third-party,llm_agreement
globalxetfs.com,globalxetfs.com,Non-media-industry,Mid,third-party,llm_agreement
gmfus.org,gmfus.org,Non-media-industry,Mid,third-party,llm_agreement
gmu.edu,gmu.edu,Academia,High,third-party,llm_agreement
go.com,go.com,Non-media-industry,Mid,third-party,llm_agreement
go2senkyo.com,go2senkyo.com,Non-media-industry,Mid,third-party,llm_agreement
ide.go.jp,ide.go.jp,Academia,High,third-party,llm_agreement
idea.int,idea.int,,Mid,third-party,human
idgop.org,idgop.org,Party,Primary,primary,llm_agreement
idj.co.jp,idj.co.jp,,Mid,third-party,human
iea.org,iea.org,,Mid,third-party,human
ieei.or.jp,ieei.or.jp,Academia,High,third-party,llm_agreement
ifeng.com,ifeng.com,Media,Mid,third-party,llm_agreement
sierraclub.org,sierraclub.org,Non-media-industry,Mid,third-party,llm_agreement
silver-news.com,silver-news.com,Media,Mid,third-party,llm_agreement
simplyethical.com,simplyethical.com,Non-media-industry,Mid,third-party,llm_agreement
sina.cn,sina.cn,,Mid,third-party,human
sinsyakai.or.jp,sinsyakai.or.jp,,Mid,third-party,human
slate.com,slate.com,Media,Mid,third-party,llm_agreement
slownews.com,slownews.com,Media,Mid,third-party,llm_agreement
marottaonmoney.com,marottaonmoney.com,Owned,Low,third-party,llm_agreement
marriageforall.jp,marriageforall.jp,Non-media-industry,Mid,third-party,llm_agreement
marubeni.com,marubeni.com,Non-media-industry,Mid,third-party,llm_agreement
marylandmatters.org,marylandmatters.org,Media,Mid,third-party,llm_agreement
masterresource.org,masterresource.org,Non-media-industry,Mid,third-party,llm_agreement
material-expo.jp,material-expo.jp,Non-media-industry,Mid,third-party,llm_agreement
matsuda-manabu.jp,matsuda-manabu.jp,Owned,Low,third-party,llm_agreement
cmrlink.org,cmrlink.org,Non-media-industry,Mid,third-party,llm_agreement
cms.gov,cms.gov,Government,High,third-party,llm_agreement
cnbc.com,cnbc.com,Media,Mid,third-party,llm_agreement
cnn.com,cnn.com,Media,Mid,third-party,llm_agreement
co.uk,co.uk,Non-media-industry,Mid,third-party,llm_agreement
cocolog-nifty.com,cocolog-nifty.com,Platform,Low,third-party,llm_agreement
cognitee.com,cognitee.com,Non-media-industry,Mid,third-party,llm_agreement
chips.gov,chips.gov,Government,High,third-party,llm_agreement
choiceisyours2021.jp,choiceisyours2021.jp,,Mid,third-party,human
chosun.com,chosun.com,Media,Mid,third-party,llm_agreement
chosyu-journal.jp,chosyu-journal.jp,Media,Mid,third-party,llm_agreement
christoverall.com,christoverall.com,,Mid,third-party,human
chubenren.jp,chubenren.jp,Non-media-industry,Mid,third-party,llm_agreement
chudo-tokyo23.com,chudo-tokyo23.com,,Mid,third-party,human
lightreading.com,lightreading.com,Media,Mid,third-party,llm_agreement
lightworks.co.jp,lightworks.co.jp,Non-media-industry,Mid,third-party,llm_agreement
linkasia.jp,linkasia.jp,Non-media-industry,Mid,third-party,llm_agreement
listen.style,listen.style,,Mid,third-party,human
livedoor.com,livedoor.com,,Mid,third-party,human
lnc2024.com,lnc2024.com,Party,Primary,primary,llm_agreement
loc.gov,loc.gov,Government,High,third-party,llm_agreement
seikatsuhogo.jp,seikatsuhogo.jp,,Mid,third-party,human
seikatsuken.or.jp,seikatsuken.or.jp,,Mid,third-party,human
seikyoonline.com,seikyoonline.com,Media,Mid,third-party,llm_agreement
sej.org,sej.org,,Mid,third-party,human
sekkyokuzaisei.jp,sekkyokuzaisei.jp,,Mid,third-party,human
selectra.jp,selectra.jp,,Mid,third-party,human
sellwell.jp,sellwell.jp,Non-media-industry,Mid,third-party,llm_agreement
ipss.go.jp,ipss.go.jp,Government,High,third-party,llm_agreement
ipwatchdog.com,ipwatchdog.com,Media,Mid,third-party,llm_agreement
irs.gov,irs.gov,Government,High,third-party,llm_agreement
isepglobal.org,isepglobal.org,Non-media-industry,Mid,third-party,llm_agreement
ishin-wakayama.com,ishin-wakayama.com,Party,Primary,primary,llm_agreement
ishinhideaki.jp,ishinhideaki.jp,Owned,Low,third-party,llm_agreement
ishizu-haruka.com,ishizu-haruka.com,Owned,Low,third-party,llm_agreement
jun.or.jp,jun.or.jp,Owned,Low,third-party,llm_agreement
justia.com,justia.com,Non-media-industry,Mid,third-party,llm_agreement
justice.gov,justice.gov,Government,High,third-party,llm_agreement
justicewithpeace.org,justicewithpeace.org,Non-media-industry,Mid,third-party,llm_agreement
justsecurity.org,justsecurity.org,Media,Mid,third-party,llm_agreement
jvckenwood.com,jvckenwood.com,Non-media-industry,Mid,third-party,llm_agreement
jwing.net,jwing.net,Media,Mid,third-party,llm_agreement
climatescorecard.org,climatescorecard.org,Non-media-industry,Mid,third-party,llm_agreement
clo.jp,clo.jp,Non-media-industry,Mid,third-party,llm_agreement
closeup.org,closeup.org,Non-media-industry,Mid,third-party,llm_agreement
cloudfront.net,cloudfront.net,Non-media-industry,Mid,third-party,llm_agreement
cls.cn,cls.cn,Media,Mid,third-party,llm_agreement
clubforgrowth.org,clubforgrowth.org,Non-media-industry,Mid,third-party,llm_agreement
cmc.edu,cmc.edu,Academia,High,third-party,llm_agreement
thelibertarians.org,thelibertarians.org,Party,Primary,primary,llm_agreement
themedia.jp,themedia.jp,,Mid,third-party,human
thenewamerican.com,thenewamerican.com,Media,Mid,third-party,llm_agreement
thenewatlantis.com,thenewatlantis.com,,Mid,third-party,human
theperrynews.com,theperrynews.com,Media,Mid,third-party,llm_agreement
thepublicsradio.org,thepublicsradio.org,Media,Mid,third-party,llm_agreement
therecord.media,therecord.media,Media,Mid,third-party,llm_agreement
gobankingrates.com,gobankingrates.com,Media,Mid,third-party,llm_agreement
goldtrust.co.jp,goldtrust.co.jp,Non-media-industry,Mid,third-party,llm_agreement
goo.ne.jp,goo.ne.jp,,Mid,third-party,human
goodauthority.org,goodauthority.org,,Mid,third-party,human
gooddo.jp,gooddo.jp,Non-media-industry,Mid,third-party,llm_agreement
goodparty.org,goodparty.org,,Mid,third-party,human
google.com,google.com,,Mid,third-party,human
quincyinst.org,quincyinst.org,Non-media-industry,Mid,third-party,llm_agreement
quora.com,quora.com,Platform,Low,third-party,llm_agreement
racinecountyeye.com,racinecountyeye.com,,Mid,third-party,human
rakuten-sec.co.jp,rakuten-sec.co.jp,Non-media-industry,Mid,third-party,llm_agreement
rakuten.co.jp,rakuten.co.jp,Non-media-industry,Mid,third-party,llm_agreement
rbccm.com,rbccm.com,Non-media-industry,Mid,third-party,llm_agreement
re-gista.co.jp,re-gista.co.jp,Non-media-industry,Mid,third-party,llm_agreement
edurio.com,edurio.com,Non-media-industry,Mid,third-party,llm_agreement
edweek.org,edweek.org,Media,Mid,third-party,llm_agreement
eenews.net,eenews.net,Media,Mid,third-party,llm_agreement
effectivealtruism.org,effectivealtruism.org,Non-media-industry,Mid,third-party,llm_agreement
egmkt.co.jp,egmkt.co.jp,Non-media-industry,Mid,third-party,llm_agreement
ehn.org,ehn.org,Media,Mid,third-party,llm_agreement
eiko-kimura.jp,eiko-kimura.jp,Owned,Low,third-party,llm_agreement
wyocp.com,wyocp.com,Party,Primary,primary,llm_agreement
x.com,x.com,Platform,Low,third-party,llm_agreement
xinhuanet.com,xinhuanet.com,Media,Mid,third-party,llm_agreement
y-hata.jp,y-hata.jp,,Mid,third-party,human
y-history.net,y-history.net,,Mid,third-party,human
y-ide.com,y-ide.com,Owned,Low,third-party,llm_agreement
y-shiozaki.or.jp,y-shiozaki.or.jp,,Mid,third-party,human
tokiomarine-nichido.co.jp,tokiomarine-nichido.co.jp,Non-media-industry,Mid,third-party,llm_agreement
tokuyama-tax.com,tokuyama-tax.com,,Mid,third-party,human
tokyo-ishin.jp,tokyo-ishin.jp,Party,Primary,primary,llm_agreement
tokyo-jimin.jp,tokyo-jimin.jp,Party,Primary,primary,llm_agreement
tokyo-np.co.jp,tokyo-np.co.jp,Media,Mid,third-party,llm_agreement
tokyo-seek.com,tokyo-seek.com,Non-media-industry,Mid,third-party,llm_agreement
tokyo.lg.jp,tokyo.lg.jp,Government,High,third-party,llm_agreement
economic.jp,economic.jp,,Mid,third-party,human
economicsobservatory.com,economicsobservatory.com,Academia,High,third-party,llm_agreement
economist.com,economist.com,Media,Mid,third-party,llm_agreement
eda.gov,eda.gov,Government,High,third-party,llm_agreement
edclp.org,edclp.org,,Mid,third-party,human
edelmanglobaladvisory.com,edelmanglobaladvisory.com,Non-media-industry,Mid,third-party,llm_agreement
edenred.jp,edenred.jp,Non-media-industry,Mid,third-party,llm_agreement
k-shimba.com,k-shimba.com,,Mid,third-party,human
kab.co.jp,kab.co.jp,Media,Mid,third-party,llm_agreement
kabukiso.com,kabukiso.com,,Mid,third-party,human
kagawa-kokumin.jp,kagawa-kokumin.jp,Party,Primary,primary,llm_agreement
kagawa-u.ac.jp,kagawa-u.ac.jp,Academia,High,third-party,llm_agreement
kagonma-info.com,kagonma-info.com,Media,Mid,third-party,llm_agreement
kagoshima-jimin.jp,kagoshima-jimin.jp,Party,Primary,primary,llm_agreement
investmentnews.com,investmentnews.com,Media,Mid,third-party,llm_agreement
investopedia.com,investopedia.com,Media,Mid,third-party,llm_agreement
inyaku.net,inyaku.net,,Mid,third-party,human
iowademocrats.org,iowademocrats.org,Party,Primary,primary,llm_agreement
ipa.go.jp,ipa.go.jp,Government,High,third-party,llm_agreement
ipinst.org,ipinst.org,Non-media-industry,Mid,third-party,llm_agreement
ippjapan.org,ippjapan.org,Non-media-industry,Mid,third-party,llm_agreement
protectborrowers.org,protectborrowers.org,Non-media-industry,Mid,third-party,llm_agreement
protectingtaxpayers.org,protectingtaxpayers.org,Non-media-industry,Mid,third-party,llm_agreement
protectourcare.org,protectourcare.org,Non-media-industry,Mid,third-party,llm_agreement
prri.org,prri.org,Academia,High,third-party,llm_agreement
prtimes.jp,prtimes.jp,,Mid,third-party,human
psc-cuny.org,psc-cuny.org,Non-media-industry,Mid,third-party,llm_agreement
psrn.jp,psrn.jp,Non-media-industry,Mid,third-party,llm_agreement
touken-world.jp,touken-world.jp,,Mid,third-party,human
townnews.co.jp,townnews.co.jp,Media,Mid,third-party,llm_agreement
toyokeizai.net,toyokeizai.net,Media,Mid,third-party,llm_agreement
translash.org,translash.org,Media,Mid,third-party,llm_agreement
transportation.gov,transportation.gov,Government,High,third-party,llm_agreement
treasury.gov,treasury.gov,Government,High,third-party,llm_agreement
trendmicro.com,trendmicro.com,Non-media-industry,Mid,third-party,llm_agreement
nishinippon.co.jp,nishinippon.co.jp,Media,Mid,third-party,llm_agreement
niskanencenter.org,niskanencenter.org,Non-media-industry,Mid,third-party,llm_agreement
nissay.co.jp,nissay.co.jp,Non-media-industry,Mid,third-party,llm_agreement
nist.gov,nist.gov,Government,High,third-party,llm_agreement
nits.go.jp,nits.go.jp,Government,High,third-party,llm_agreement
niu.edu,niu.edu,Academia,High,third-party,llm_agreement
njlp.org,njlp.org,Party,Primary,primary,llm_agreement
re24.energy,re24.energy,Non-media-industry,Mid,third-party,llm_agreement
reaganfoundation.org,reaganfoundation.org,Non-media-industry,Mid,third-party,llm_agreement
reaitimenews.com,reaitimenews.com,Media,Mid,third-party,llm_agreement
reason.com,reason.com,Media,Mid,third-party,llm_agreement
reason.org,reason.org,Non-media-industry,Mid,third-party,llm_agreement
recop.jp,recop.jp,Non-media-industry,Mid,third-party,llm_agreement
reddit.com,reddit.com,Platform,Low,third-party,llm_agreement
smd-am.co.jp,smd-am.co.jp,Non-media-industry,Mid,third-party,llm_agreement
smp.ne.jp,smp.ne.jp,,Mid,third-party,human
smrj.go.jp,smrj.go.jp,Government,High,third-party,llm_agreement
smu.edu,smu.edu,Academia,High,third-party,llm_agreement
sn-jp.com,sn-jp.com,,Mid,third-party,human
socialism2024.org,socialism2024.org,,Mid,third-party,human
socialistalternative.org,socialistalternative.org,Party,Primary,primary,llm_agreement
solarjournal.jp,solarjournal.jp,Media,Mid,third-party,llm_agreement
soltechdesigns.com,soltechdesigns.com,,Mid,third-party,human
sompo-ri.co.jp,sompo-ri.co.jp,Non-media-industry,Mid,third-party,llm_agreement
sosa.lg.jp,sosa.lg.jp,Government,High,third-party,llm_agreement
soumu.go.jp,soumu.go.jp,Government,High,third-party,llm_agreement
souzoku-pro.info,souzoku-pro.info,Non-media-industry,Mid,third-party,llm_agreement
souzokuzei-shintaku.com,souzokuzei-shintaku.com,Non-media-industry,Mid,third-party,llm_agreement
kanhoren.jp,kanhoren.jp,Non-media-industry,Mid,third-party,llm_agreement
kansasreflector.com,kansasreflector.com,Media,Mid,third-party,llm_agreement
kanseiren.or.jp,kanseiren.or.jp,Non-media-industry,Mid,third-party,llm_agreement
kantei.go.jp,kantei.go.jp,Government,High,third-party,llm_agreement
kanto-ba.org,kanto-ba.org,Non-media-industry,Mid,third-party,llm_agreement
kare11.com,kare11.com,Media,Mid,third-party,llm_agreement
kas.de,kas.de,Non-media-industry,Mid,third-party,llm_agreement
mb.ca,mb.ca,Government,High,third-party,llm_agreement
mbs.jp,mbs.jp,Media,Mid,third-party,llm_agreement
med.or.jp,med.or.jp,Non-media-industry,Mid,third-party,llm_agreement
medicareadvocacy.org,medicareadvocacy.org,Non-media-industry,Mid,third-party,llm_agreement
medicareplans.com,medicareplans.com,Non-media-industry,Mid,third-party,llm_agreement
medicarerights.org,medicarerights.org,Non-media-industry,Mid,third-party,llm_agreement
medium.com,medium.com,Platform,Low,third-party,llm_agreement
managedhealthcareexecutive.com,managedhealthcareexecutive.com,Media,Mid,third-party,llm_agreement
manakuro.com,manakuro.com,Non-media-industry,Mid,third-party,llm_agreement
manhattan.institute,manhattan.institute,Non-media-industry,Mid,third-party,llm_agreement
maniken.jp,maniken.jp,,Mid,third-party,human
maniken.online,maniken.online,,Mid,third-party,human
marketplace.org,marketplace.org,Media,Mid,third-party,llm_agreement
maro-kaikei.co.jp,maro-kaikei.co.jp,Non-media-industry,Mid,third-party,llm_agreement
nikkei.com,nikkei.com,Media,Mid,third-party,llm_agreement
nikkeibp.co.jp,nikkeibp.co.jp,Media,Mid,third-party,llm_agreement
nippon-kosodate.jp,nippon-kosodate.jp,Non-media-industry,Mid,third-party,llm_agreement
nippon.com,nippon.com,Media,Mid,third-party,llm_agreement
nipponkaigi.org,nipponkaigi.org,Non-media-industry,Mid,third-party,llm_agreement
nira.or.jp,nira.or.jp,Non-media-industry,Mid,third-party,llm_agreement
nirsonline.org,nirsonline.org,Non-media-industry,Mid,third-party,llm_agreement
medpagetoday.com,medpagetoday.com,Media,Mid,third-party,llm_agreement
meet-musashino.tokyo,meet-musashino.tokyo,,Mid,third-party,human
melrosedems.org,melrosedems.org,Party,Primary,primary,llm_agreement
meritalk.com,meritalk.com,Media,Mid,third-party,llm_agreement
meti.go.jp,meti.go.jp,Government,High,third-party,llm_agreement
mext.go.jp,mext.go.jp,Government,High,third-party,llm_agreement
mhlw.go.jp,mhlw.go.jp,Government,High,third-party,llm_agreement
ac.uk,ac.uk,Academia,High,third-party,llm_agreement
academia.edu,academia.edu,Platform,Low,third-party,llm_agreement
academicjobs.com,academicjobs.com,,Mid,third-party,human
acenet.edu,acenet.edu,Academia,High,third-party,llm_agreement
acf.gov,acf.gov,Government,High,third-party,llm_agreement
aclj.org,aclj.org,Non-media-industry,Mid,third-party,llm_agreement
aclu.org,aclu.org,Non-media-industry,Mid,third-party,llm_agreement
yamanashi.jp,yamanashi.jp,Government,High,third-party,llm_agreement
yamazoetaku.com,yamazoetaku.com,Owned,Low,third-party,llm_agreement
yanagiharashigeo.com,yanagiharashigeo.com,Owned,Low,third-party,llm_agreement
yda.org,yda.org,Party,Primary,primary,llm_agreement
yohei-wakabayashi.com,yohei-wakabayashi.com,Owned,Low,third-party,llm_agreement
yomiuri.co.jp,yomiuri.co.jp,Media,Mid,third-party,llm_agreement
yonemura-akemi.com,yonemura-akemi.com,Owned,Low,third-party,llm_agreement
back-end.co.jp,back-end.co.jp,Non-media-industry,Mid,third-party,llm_agreement
baidu.com,baidu.com,Platform,Low,third-party,llm_agreement
bakerinstitute.org,bakerinstitute.org,Academia,High,third-party,llm_agreement
bakertilly.com,bakertilly.com,Non-media-industry,Mid,third-party,llm_agreement
ballotpedia.org,ballotpedia.org,Non-media-industry,Mid,third-party,llm_agreement
baltimorecountydems.com,baltimorecountydems.com,Party,Primary,primary,llm_agreement
baltimorepostexaminer.com,baltimorepostexaminer.com,Media,Mid,third-party,llm_agreement
govexec.com,govexec.com,Media,Mid,third-party,llm_agreement
govfacts.org,govfacts.org,,Mid,third-party,human
govinfo.gov,govinfo.gov,Government,High,third-party,llm_agreement
govtech.com,govtech.com,Media,Mid,third-party,llm_agreement
govtrack.us,govtrack.us,Non-media-industry,Mid,third-party,llm_agreement
gp.org,gp.org,Party,Primary,primary,llm_agreement
gpaj.org,gpaj.org,Non-media-industry,Mid,third-party,llm_agreement
com.sg,com.sg,Non-media-industry,Mid,third-party,llm_agreement
com.tw,com.tw,Non-media-industry,Mid,third-party,llm_agreement
commerce.gov,commerce.gov,Government,High,third-party,llm_agreement
commondreams.org,commondreams.org,Media,Mid,third-party,llm_agreement
commonwealthfund.org,commonwealthfund.org,Non-media-industry,Mid,third-party,llm_agreement
commonwealthpolicycenter.org,commonwealthpolicycenter.org,Non-media-industry,Mid,third-party,llm_agreement
communicationsdaily.com,communicationsdaily.com,Media,Mid,third-party,llm_agreement
cointelegraph.com,cointelegraph.com,Media,Mid,third-party,llm_agreement
coki.jp,coki.jp,Media,Mid,third-party,llm_agreement
collegescholarships.org,collegescholarships.org,,Mid,third-party,human
coloradodems.org,coloradodems.org,Party,Primary,primary,llm_agreement
columbian.com,columbian.com,Media,Mid,third-party,llm_agreement
com.cn,com.cn,Non-media-industry,Mid,third-party,llm_agreement
com.ph,com.ph,Non-media-industry,Mid,third-party,llm_agreement
isidewith.com,isidewith.com,,Mid,third-party,human
ismedia.jp,ismedia.jp,Media,Mid,third-party,llm_agreement
isozakitetsuji.com,isozakitetsuji.com,Owned,Low,third-party,llm_agreement
itep.org,itep.org,Non-media-industry,Mid,third-party,llm_agreement
itif.org,itif.org,Non-media-industry,Mid,third-party,llm_agreement
itiger.com,itiger.com,Non-media-industry,Mid,third-party,llm_agreement
itmedia.co.jp,itmedia.co.jp,Media,Mid,third-party,llm_agreement
gop.com,gop.com,Party,Primary,primary,llm_agreement
gop.gov,gop.gov,,Mid,third-party,human
gopforukraine.com,gopforukraine.com,Non-media-industry,Mid,third-party,llm_agreement
gov-online.go.jp,gov-online.go.jp,Government,High,third-party,llm_agreement
gov.au,gov.au,Government,High,third-party,llm_agreement
gov.uk,gov.uk,Government,High,third-party,llm_agreement
govdelivery.com,govdelivery.com,Non-media-industry,Mid,third-party,llm_agreement
bruinpoliticalreview.org,bruinpoliticalreview.org,,Mid,third-party,human
brweeklypress.com,brweeklypress.com,Media,Mid,third-party,llm_agreement
build-app.jp,build-app.jp,Non-media-industry,Mid,third-party,llm_agreement
businessinsider.com,businessinsider.com,Media,Mid,third-party,llm_agreement
c-span.org,c-span.org,Media,Mid,third-party,llm_agreement
ca.gov,ca.gov,Government,High,third-party,llm_agreement
caabu.org,caabu.org,Non-media-industry,Mid,third-party,llm_agreement
tokyominiren.gr.jp,tokyominiren.gr.jp,Non-media-industry,Mid,third-party,llm_agreement
tokyoreview.net,tokyoreview.net,Media,Mid,third-party,llm_agreement
tokyu-gxp.com,tokyu-gxp.com,Non-media-industry,Mid,third-party,llm_agreement
tompkinsweekly.com,tompkinsweekly.com,Media,Mid,third-party,llm_agreement
tomshardware.com,tomshardware.com,Media,Mid,third-party,llm_agreement
toonippo.co.jp,toonippo.co.jp,Media,Mid,third-party,llm_agreement
topics.or.jp,topics.or.jp,Media,Mid,third-party,llm_agreement
tri-c.edu,tri-c.edu,Academia,High,third-party,llm_agreement
trinityconsultants.com,trinityconsultants.com,Non-media-industry,Mid,third-party,llm_agreement
trumanlibrary.gov,trumanlibrary.gov,Government,High,third-party,llm_agreement
trumpvanguard.com,trumpvanguard.com,,Mid,third-party,human
truthonthemarket.com,truthonthemarket.com,Academia,High,third-party,llm_agreement
truthout.org,truthout.org,Media,Mid,third-party,llm_agreement
try-it.jp,try-it.jp,Non-media-industry,Mid,third-party,llm_agreement
nlc.org,nlc.org,Non-media-industry,Mid,third-party,llm_agreement
nli-research.co.jp,nli-research.co.jp,Non-media-industry,Mid,third-party,llm_agreement
no-military-research.jp,no-military-research.jp,Non-media-industry,Mid,third-party,llm_agreement
noahpinion.blog,noahpinion.blog,Owned,Low,third-party,llm_agreement
nomura.co.jp,nomura.co.jp,Non-media-industry,Mid,third-party,llm_agreement
nomuraholdings.com,nomuraholdings.com,Non-media-industry,Mid,third-party,llm_agreement
northeastern.edu,northeastern.edu,Academia,High,third-party,llm_agreement
kaiedabanri.jp,kaiedabanri.jp,Owned,Low,third-party,llm_agreement
kaigo-postseven.com,kaigo-postseven.com,Media,Mid,third-party,llm_agreement
kaijinken.or.jp,kaijinken.or.jp,Non-media-industry,Mid,third-party,llm_agreement
kaikensouan.com,kaikensouan.com,,Mid,third-party,human
kamikawayoko.net,kamikawayoko.net,Owned,Low,third-party,llm_agreement
kanagawa-jimin.jp,kanagawa-jimin.jp,Party,Primary,primary,llm_agreement
kanaloco.jp,kanaloco.jp,Media,Mid,third-party,llm_agreement
socialsecurityworks.org,socialsecurityworks.org,Non-media-industry,Mid,third-party,llm_agreement
socialworkers.org,socialworkers.org,Non-media-industry,Mid,third-party,llm_agreement
socialworktoday.com,socialworktoday.com,Media,Mid,third-party,llm_agreement
societas-lab.com,societas-lab.com,,Mid,third-party,human
sociotoday.com,sociotoday.com,Media,Mid,third-party,llm_agreement
sogyotecho.jp,sogyotecho.jp,,Mid,third-party,human
soken.or.jp,soken.or.jp,Non-media-industry,Mid,third-party,llm_agreement
yonkerstimes.com,yonkerstimes.com,Media,Mid,third-party,llm_agreement
yoshi-education.blog,yoshi-education.blog,Owned,Low,third-party,llm_agreement
yougov.com,yougov.com,Non-media-industry,Mid,third-party,llm_agreement
yourjapancareer.jp,yourjapancareer.jp,,Mid,third-party,human
yourside-ghj.com,yourside-ghj.com,,Mid,third-party,human
youthclimateconference.jp,youthclimateconference.jp,Non-media-industry,Mid,third-party,llm_agreement
youthconference.jp,youthconference.jp,Non-media-industry,Mid,third-party,llm_agreement
tkc.jp,tkc.jp,Non-media-industry,Mid,third-party,llm_agreement
tkfd.or.jp,tkfd.or.jp,Non-media-industry,Mid,third-party,llm_agreement
tnc.ne.jp,tnc.ne.jp,Non-media-industry,Mid,third-party,llm_agreement
tnsr.org,tnsr.org,Academia,High,third-party,llm_agreement
toben.or.jp,toben.or.jp,Non-media-industry,Mid,third-party,llm_agreement
today-jp.com,today-jp.com,Media,Mid,third-party,llm_agreement
tokachi-jimin.jp,tokachi-jimin.jp,Party,Primary,primary,llm_agreement
wikibooks.org,wikibooks.org,Platform,Low,third-party,llm_agreement
wikipedia.org,wikipedia.org,Platform,Low,third-party,llm_agreement
wiley.law,wiley.law,,Mid,third-party,human
wilsoncenter.org,wilsoncenter.org,,Mid,third-party,human
windsgyosei.com,windsgyosei.com,Non-media-industry,Mid,third-party,llm_agreement
winstongroup.net,winstongroup.net,Non-media-industry,Mid,third-party,llm_agreement
wired.com,wired.com,Media,Mid,third-party,llm_agreement
kyoto-minpo.net,kyoto-minpo.net,Media,Mid,third-party,llm_agreement
kyoto.jp,kyoto.jp,Government,High,third-party,llm_agreement
kyusan-u.ac.jp,kyusan-u.ac.jp,Academia,High,third-party,llm_agreement
labornetjp.org,labornetjp.org,,Mid,third-party,human
laborpolitics.com,laborpolitics.com,,Mid,third-party,human
lac.co.jp,lac.co.jp,Non-media-industry,Mid,third-party,llm_agreement
larrysharpe.com,larrysharpe.com,Owned,Low,third-party,llm_agreement
miami.edu,miami.edu,Academia,High,third-party,llm_agreement
michiganindependent.com,michiganindependent.com,Media,Mid,third-party,llm_agreement
mie.lg.jp,mie.lg.jp,Government,High,third-party,llm_agreement
mifairelections.org,mifairelections.org,Non-media-industry,Mid,third-party,llm_agreement
migpolgroup.com,migpolgroup.com,Non-media-industry,Mid,third-party,llm_agreement
migrants.jp,migrants.jp,Non-media-industry,Mid,third-party,llm_agreement
migrationpolicy.org,migrationpolicy.org,Non-media-industry,Mid,third-party,llm_agreement
bank-daiwa.co.jp,bank-daiwa.co.jp,Non-media-industry,Mid,third-party,llm_agreement
banotes.org,banotes.org,,Mid,third-party,human
barrgroup.com,barrgroup.com,Non-media-industry,Mid,third-party,llm_agreement
baselinescenario.com,baselinescenario.com,Owned,Low,third-party,llm_agreement
basicincome.org,basicincome.org,Non-media-industry,Mid,third-party,llm_agreement
bbc.com,bbc.com,Media,Mid,third-party,llm_agreement
bc.edu,bc.edu,Academia,High,third-party,llm_agreement
kevincraig.us,kevincraig.us,Owned,Low,third-party,llm_agreement
kff.org,kff.org,Non-media-industry,Mid,third-party,llm_agreement
khb-tv.co.jp,khb-tv.co.jp,Media,Mid,third-party,llm_agreement
kiddle.co,kiddle.co,Platform,Low,third-party,llm_agreement
kiharaseiji.com,kiharaseiji.com,Owned,Low,third-party,llm_agreement
kikonet.org,kikonet.org,Non-media-industry,Mid,third-party,llm_agreement
kinari-kurashi.com,kinari-kurashi.com,Owned,Low,third-party,llm_agreement
ejinzai.jp,ejinzai.jp,Non-media-industry,Mid,third-party,llm_agreement
ejirikana.net,ejirikana.net,,Mid,third-party,human
eleminist.com,eleminist.com,Media,Mid,third-party,llm_agreement
eloan.co.jp,eloan.co.jp,Non-media-industry,Mid,third-party,llm_agreement
emb-japan.go.jp,emb-japan.go.jp,Government,High,third-party,llm_agreement
empowerms.org,empowerms.org,Non-media-industry,Mid,third-party,llm_agreement
encyclopedia.com,encyclopedia.com,,Mid,third-party,human
youtube.com,youtube.com,Platform,Low,third-party,llm_agreement
yukisakamoto.com,yukisakamoto.com,Owned,Low,third-party,llm_agreement
ywca.or.jp,ywca.or.jp,Non-media-industry,Mid,third-party,llm_agreement
zaikei.co.jp,zaikei.co.jp,Media,Mid,third-party,llm_agreement
zaikyo.or.jp,zaikyo.or.jp,Non-media-industry,Mid,third-party,llm_agreement
zaitaku-kyo.gr.jp,zaitaku-kyo.gr.jp,Non-media-industry,Mid,third-party,llm_agreement
zeiken.co.jp,zeiken.co.jp,Non-media-industry,Mid,third-party,llm_agreement
redstate.com,redstate.com,Media,Mid,third-party,llm_agreement
refugee.or.jp,refugee.or.jp,Non-media-industry,Mid,third-party,llm_agreement
reiwa-shinsengumi.com,reiwa-shinsengumi.com,Party,Primary,primary,llm_agreement
reiwachiyoda.jp,reiwachiyoda.jp,Party,Primary,primary,llm_agreement
reiwas.info,reiwas.info,,Mid,third-party,human
reloexcel.jp,reloexcel.jp,Non-media-industry,Mid,third-party,llm_agreement
renewableenergyworld.com,renewableenergyworld.com,Media,Mid,third-party,llm_agreement
ito-hiromitsu.com,ito-hiromitsu.com,Owned,Low,third-party,llm_agreement
itoh-tatsuo.com,itoh-tatsuo.com,Owned,Low,third-party,llm_agreement
itoutakae.info,itoutakae.info,Owned,Low,third-party,llm_agreement
itrfoundation.org,itrfoundation.org,Non-media-industry,Mid,third-party,llm_agreement
ivoox.com,ivoox.com,Platform,Low,third-party,llm_agreement
ivoterguide.com,ivoterguide.com,Non-media-industry,Mid,third-party,llm_agreement
iwabuchi-tomo.jp,iwabuchi-tomo.jp,Owned,Low,third-party,llm_agreement
spaceshipearth.jp,spaceshipearth.jp,,Mid,third-party,human
spaef.org,spaef.org,Academia,High,third-party,llm_agreement
spf.org,spf.org,Non-media-industry,Mid,third-party,llm_agreement
splcenter.org,splcenter.org,Non-media-industry,Mid,third-party,llm_agreement
spokanedemocrats.org,spokanedemocrats.org,Party,Primary,primary,llm_agreement
spokesman.com,spokesman.com,Media,Mid,third-party,llm_agreement
sponichi.co.jp,sponichi.co.jp,Media,Mid,third-party,llm_agreement
roushikyo.or.jp,roushikyo.or.jp,Non-media-industry,Mid,third-party,llm_agreement
route66festivalsgf.com,route66festivalsgf.com,,Mid,third-party,human
rpjt.jp,rpjt.jp,,Mid,third-party,human
rsmus.com,rsmus.com,Non-media-industry,Mid,third-party,llm_agreement
rstreet.org,rstreet.org,Non-media-industry,Mid,third-party,llm_agreement
rusi.org,rusi.org,Non-media-industry,Mid,third-party,llm_agreement
russiamatters.org,russiamatters.org,Academia,High,third-party,llm_agreement
kasai-akira.jp,kasai-akira.jp,,Mid,third-party,human
katayama-daisuke.com,katayama-daisuke.com,,Mid,third-party,human
katsumi-office.com,katsumi-office.com,Non-media-industry,Mid,third-party,llm_agreement
kawasaki.jp,kawasaki.jp,,Mid,third-party,human
kay4congress.com,kay4congress.com,,Mid,third-party,human
kazumanakatani.com,kazumanakatani.com,,Mid,third-party,human
kcdems.org,kcdems.org,Party,Primary,primary,llm_agreement
pt-ot-st.net,pt-ot-st.net,,Mid,third-party,human
publicconsultation.org,publicconsultation.org,Academia,High,third-party,llm_agreement
publicintegrity.org,publicintegrity.org,Media,Mid,third-party,llm_agreement
punchbowl.news,punchbowl.news,Media,Mid,third-party,llm_agreement
pwc.com,pwc.com,Non-media-industry,Mid,third-party,llm_agreement
pymnts.com,pymnts.com,Media,Mid,third-party,llm_agreement
qq.com,qq.com,Platform,Low,third-party,llm_agreement
